tank,treatment,family,length,weight,condition_factor
A,flow,O,17.4,53.9,1.02315
A,flow,L,19.5,75.8,1.02227
A,flow,O,15.1,37,1.07466
A,flow,G,16.3,44.6,1.02985
A,flow,D,16,43.8,1.06934
A,flow,P,16.4,46.7,1.05873
A,flow,A,14.9,32.7,0.98853
A,flow,N,17.1,54,1.07995
A,flow,I,15.3,44.1,1.2313
A,flow,D,13.1,23.2,1.03199
A,flow,K,16.6,52.8,1.15428
A,flow,H,16.4,46.7,1.05873
A,flow,M,17.6,57.6,1.05654
A,flow,K,18,64.5,1.10597
A,flow,C,16.4,45.4,1.02926
A,flow,J,15.3,38,1.06099
A,flow,P,16,42.9,1.04736
A,flow,P,15.2,34.4,0.97955
A,flow,H,17,53.1,1.08081
A,flow,C,15.7,42.1,1.08789
A,flow,E,14.2,28.5,0.99536
A,flow,G,15.6,38.1,1.00358
A,flow,J,16,44.3,1.08154
A,flow,C,16.8,35.7,0.75291
A,flow,M,16.7,48.3,1.03705
A,flow,N,16.6,48.4,1.05809
A,flow,K,16.2,48,1.12901
A,flow,E,15.7,40.7,1.05171
A,flow,E,15.4,40.1,1.09795
A,flow,I,15.1,37.9,1.1008
A,flow,H,15.8,42.9,1.08764
A,flow,O,15.8,40,1.01412
A,flow,L,17.4,54.1,1.02695
A,flow,D,16.1,22,0.52716
A,flow,N,16.4,44.7,1.01339
A,flow,N,15.8,38.7,0.98116
A,flow,N,16.9,51.1,1.05867
A,flow,A,15.6,33.3,0.87714
A,flow,F,16,47.1,1.1499
A,flow,L,16,40.3,0.98389
A,flow,I,16.6,51.3,1.12148
A,flow,K,15.9,41.5,1.03242
A,flow,A,15.6,44.1,1.16162
A,flow,C,8.9,6.8,0.96458
A,flow,A,12.5,19.2,0.98304
A,flow,P,14.4,32.2,1.07837
A,flow,M,15.9,40.7,1.01252
A,flow,P,15.4,39.1,1.07057
A,flow,A,16,45.1,1.10107
A,flow,N,17.4,53.1,1.00797
A,flow,K,17.5,61,1.13819
A,flow,E,13.5,25.1,1.02017
A,flow,D,16.3,43.6,1.00675
A,flow,H,15.1,38.3,1.11242
A,flow,A,17.2,52.1,1.02389
A,flow,H,17.8,61.4,1.0887
A,flow,H,17.7,63.3,1.14152
A,flow,A,16.5,46.2,1.02847
A,flow,P,14,29,1.05685
A,flow,P,14,30,1.09329
A,flow,J,16,46.1,1.12549
A,flow,L,16,44,1.07422
A,flow,P,14.6,33.2,1.06679
A,flow,H,16.3,49.2,1.13606
A,flow,D,17.3,49.6,0.95795
A,flow,N,17,52.3,1.06452
A,flow,D,14.5,30.1,0.98733
A,flow,M,14.2,33.7,1.17697
A,flow,F,14.4,31.9,1.06832
A,flow,O,16,41.5,1.01318
A,flow,E,15.9,40.9,1.01749
A,flow,D,15.7,41.1,1.06204
A,flow,O,14.8,34.9,1.07657
A,flow,A,13.2,23.1,1.00436
A,flow,F,14.3,28,0.95752
A,flow,C,14.3,31.6,1.08063
A,flow,A,13.8,27.8,1.05781
A,flow,A,12.3,18.5,0.99416
A,flow,P,17,53.2,1.08284
A,flow,G,15.4,39.5,1.08152
A,flow,F,16,44.6,1.08887
A,flow,F,13.8,29.4,1.11869
A,flow,P,17.5,54.5,1.01691
A,flow,L,16,42.3,1.03271
A,flow,J,14.9,45.9,1.38757
A,flow,O,16.3,44.6,1.02985
A,flow,O,17.2,51.8,1.01799
A,flow,I,15.2,38.6,1.09915
A,flow,J,14.4,31.7,1.06163
A,flow,J,15,37.2,1.10222
A,flow,I,15.6,38.6,1.01675
A,flow,A,11.5,16.5,1.0849
A,flow,J,14.3,32.3,1.10457
A,flow,P,16.1,45.6,1.09267
A,flow,P,16,44.2,1.0791
A,flow,P,15.9,41.7,1.0374
A,flow,P,15.9,40.8,1.01501
A,flow,K,15.3,38.1,1.06378
A,flow,H,13.9,27.1,1.00908
A,flow,J,14.6,42.1,1.35277
A,flow,H,15.9,42.8,1.06476
A,flow,M,15,37,1.0963
A,flow,H,16.2,48.6,1.14312
A,flow,F,15,39,1.15556
A,flow,C,16,46,1.12305
A,flow,O,15.4,38,1.04045
A,flow,M,17.5,57.5,1.07289
A,flow,N,15.2,33.2,0.94538
A,flow,D,15,34.2,1.01333
A,flow,H,19,76.3,1.11241
A,flow,H,17.6,59.3,1.08772
A,flow,N,18.9,69,1.02203
A,flow,L,16.5,43.9,0.97727
A,flow,K,18,68.1,1.1677
A,flow,L,15.8,37.8,0.95834
A,flow,F,13.9,28.2,1.05004
A,flow,K,16,45.6,1.11328
A,flow,O,16.1,43.6,1.04474
A,flow,D,16.3,43.6,1.00675
A,flow,H,16.3,46.8,1.08064
A,flow,P,15.5,38,1.02044
A,flow,H,14.6,34.9,1.12142
A,flow,E,17.5,55.2,1.02997
A,flow,M,16.5,44.5,0.99062
A,flow,E,15,34.8,1.03111
A,flow,H,17.1,54.8,1.09595
A,flow,I,16.1,42.3,1.01359
A,flow,D,12.9,20.5,0.95496
A,flow,K,14.9,36.2,1.09433
A,flow,K,16.3,45.9,1.05986
A,flow,A,14.6,31.6,1.01538
A,flow,E,15.5,39.2,1.05267
A,flow,K,17.5,56.3,1.0505
A,flow,C,15.5,42.8,1.14934
A,flow,P,14.4,29.7,0.99465
A,flow,L,16,40.3,0.98389
A,flow,E,15.1,36.1,1.04852
A,flow,L,17.9,59.5,1.03743
A,flow,D,10.2,10.2,0.96117
A,flow,P,16.1,43.9,1.05193
A,flow,D,16,42.6,1.04004
A,flow,E,15.8,40.6,1.02933
A,flow,A,16.3,43,0.9929
A,flow,D,16.6,45.6,0.99687
A,flow,D,16.2,44.5,1.04668
A,flow,J,14.6,33.1,1.06358
A,flow,D,16.5,46,1.02401
A,flow,F,14,31.2,1.13703
A,flow,K,17.5,60.9,1.13633
A,flow,L,17.2,49.9,0.98065
A,flow,L,16.3,43,0.9929
A,flow,H,15.7,42.7,1.10339
A,flow,D,16.1,36.1,0.86503
A,flow,L,16.5,44.3,0.98617
A,flow,F,15.5,40.3,1.08221
A,flow,D,17,49.7,1.0116
A,flow,E,15.2,34.5,0.9824
A,flow,N,15.6,37.8,0.99568
A,flow,F,12.3,20.3,1.09089
A,flow,H,16.4,49.1,1.11314
A,flow,G,15,36.6,1.08444
A,flow,P,16.5,47.5,1.05741
A,flow,N,18.1,61.1,1.0304
A,flow,F,14.9,35.9,1.08526
A,flow,I,13,22.8,1.03778
A,flow,L,16.1,43.9,1.05193
A,flow,L,18.8,69.7,1.04896
A,flow,P,15,35.2,1.04296
A,flow,M,16.4,45.8,1.03833
A,flow,F,15.5,42.3,1.13591
A,flow,J,10.9,14.5,1.11967
A,flow,M,13.8,29.3,1.11489
A,flow,N,15.4,38.7,1.05962
A,flow,E,15.3,38.8,1.08332
A,flow,O,15,39.8,1.17926
A,flow,O,16.5,45.1,1.00398
A,flow,P,16,40.8,0.99609
A,flow,A,15.1,35.8,1.03981
A,flow,D,15.5,36.5,0.98016
A,flow,N,15.8,40.5,1.0268
A,flow,D,11.4,14.9,1.00571
A,flow,E,13.5,25,1.01611
A,flow,L,17,49,0.99735
A,flow,K,17.4,57.4,1.08959
A,flow,D,15.8,36.8,0.93299
A,flow,D,14.3,30.5,1.04302
A,flow,J,15,37.1,1.09926
A,flow,A,16.1,42.4,1.01599
A,flow,P,16,40.8,0.99609
A,flow,O,16.9,50.2,1.04002
A,flow,O,15.5,36.8,0.98822
A,flow,K,17.5,58.2,1.08595
A,flow,F,15.8,42.1,1.06736
A,flow,H,15.6,41.3,1.08787
A,flow,E,14.5,30.1,0.98733
A,flow,I,17,51.9,1.05638
A,flow,L,18,58.7,1.00652
A,flow,O,15.9,42.8,1.06476
A,flow,O,16.3,47,1.08526
A,flow,K,16,48.1,1.17432
A,flow,P,17.6,56.6,1.03819
A,flow,K,16.6,50.6,1.10618
A,flow,M,16.5,44.8,0.9973
A,flow,H,18.4,62.6,1.0049
A,flow,F,14.8,35,1.07965
A,flow,H,17.4,56.2,1.06681
A,flow,I,15.3,38,1.06099
A,flow,O,17.1,48.9,0.97796
A,flow,N,17.1,52.3,1.04596
A,flow,I,14.8,34.8,1.07348
A,flow,A,16.7,47.4,1.01772
A,flow,F,15.2,37.7,1.07352
A,flow,P,13.2,23.1,1.00436
A,flow,F,17.1,56.8,1.13595
A,flow,G,16.5,42.2,0.93942
A,flow,O,16.2,41.9,0.98553
A,flow,N,15.6,37.6,0.99041
A,flow,L,18,60.5,1.03738
A,flow,H,18,60.2,1.03224
A,flow,D,14.8,31.2,0.96243
A,flow,L,16.2,43.6,1.02551
A,flow,H,17.7,68.5,1.2353
A,flow,P,16.1,43.5,1.04235
A,flow,E,16.4,46.9,1.06326
A,flow,H,18,58.2,0.99794
A,flow,I,14.2,28.8,1.00584
A,flow,K,15.5,38.5,1.03387
A,flow,F,15.5,41.3,1.10906
A,flow,I,16.4,48,1.0882
A,flow,I,17.6,59.4,1.08955
A,flow,O,16.7,49.1,1.05422
A,flow,C,17.4,56.9,1.0801
A,flow,K,17.5,58.9,1.09901
A,flow,P,14.9,33.4,1.00969
A,flow,O,16.4,45.3,1.02699
A,flow,C,13.9,28.6,1.06493
A,flow,C,16,45.1,1.10107
A,flow,I,16.2,45,1.05844
A,flow,K,16,44.8,1.09375
A,flow,P,15.2,36.7,1.04505
A,flow,C,16,47.6,1.16211
A,flow,I,16.4,47,1.06553
A,flow,J,15.5,49.3,1.32389
A,flow,G,17.4,52.8,1.00227
A,flow,D,16,41.6,1.01563
A,flow,F,15,37.8,1.12
A,flow,H,18.4,65.1,1.04503
A,flow,C,15.3,38,1.06099
A,flow,N,15,35,1.03704
A,flow,A,16.4,45.4,1.02926
A,flow,C,14.9,33.9,1.0248
A,flow,N,17,49.8,1.01364
A,flow,I,15.8,41.2,1.04454
A,flow,N,15.2,35,0.99664
A,flow,K,17,53.8,1.09505
A,flow,K,17,53.2,1.08284
A,flow,N,16.4,45.5,1.03153
A,flow,C,14.5,32.9,1.07918
A,flow,G,17.4,55.8,1.05922
A,flow,O,17.2,51.1,1.00424
A,flow,L,15,33.7,0.99852
A,flow,A,16.4,44.9,1.01792
A,flow,I,13.8,26.9,1.02356
A,flow,I,16,44.4,1.08398
A,flow,M,17.7,56.1,1.01168
A,flow,P,15.5,38.7,1.03924
A,flow,A,16.5,46.5,1.03514
A,flow,P,15.3,30.7,0.85716
A,flow,P,15.5,37.8,1.01507
A,flow,D,15.3,37.1,1.03586
A,flow,J,16.5,51.7,1.1509
A,flow,C,12.7,21.4,1.04473
A,flow,F,14.8,32.8,1.01179
A,flow,K,15.9,44.4,1.10457
A,flow,K,16.5,50.1,1.11529
A,flow,P,17.1,53,1.05996
A,flow,K,15.5,40.1,1.07684
A,flow,K,17.9,61.2,1.06707
A,flow,G,17.4,50.6,0.96051
A,flow,L,15.3,34.9,0.97443
A,flow,G,13.5,23.8,0.96733
A,flow,N,19.2,67.5,0.95367
A,flow,C,12.8,21.4,1.02043
A,flow,F,14.8,36.6,1.12901
A,flow,C,15,36.6,1.08444
A,flow,N,16.6,46.7,1.02092
A,flow,N,16.5,45.6,1.01511
A,flow,G,16.1,40.5,0.97046
A,flow,G,15.5,39.6,1.06341
A,flow,G,15,40.4,1.19704
A,flow,H,17.5,56.1,1.04676
A,flow,P,15.5,35,0.93988
A,flow,O,15.6,38.5,1.01411
A,flow,O,16.2,43.2,1.01611
A,flow,H,18.4,64.7,1.03861
A,flow,M,15.6,40.1,1.05626
A,flow,I,15.8,27.4,0.69467
A,flow,D,15.8,37.2,0.94313
A,flow,K,14.9,35.2,1.0641
A,flow,N,17.5,55.7,1.0393
A,flow,K,17,54.5,1.1093
A,flow,F,16.5,46.5,1.03514
A,flow,A,14.9,34.1,1.03085
A,flow,L,17.3,52.2,1.00817
A,flow,D,16,40.7,0.99365
A,flow,O,15.9,40.4,1.00506
A,flow,L,17.3,52.8,1.01975
A,flow,C,18.3,48.3,0.78812
A,flow,E,16.2,46,1.08196
A,flow,A,15.3,34.5,0.96326
A,flow,M,16.2,44.3,1.04198
A,flow,C,15.3,39.1,1.0917
A,flow,N,15.5,39.9,1.07146
A,flow,I,16.3,44.2,1.02061
A,flow,H,18.2,69.3,1.14953
A,flow,H,13.8,28.7,1.09206
A,flow,O,17.1,53.3,1.06596
A,flow,G,15.2,37.2,1.05928
A,flow,I,16.4,44.7,1.01339
A,flow,M,17,48.8,0.99328
A,flow,N,17.2,51.4,1.01013
A,flow,N,17,56,1.13983
A,flow,H,17.8,59.4,1.05324
A,flow,F,14.2,30.5,1.06521
A,flow,P,11.9,17.4,1.03254
A,flow,E,14.7,33.1,1.04202
A,flow,D,16.7,47.1,1.01128
A,flow,N,17.5,54.6,1.01878
A,flow,F,16.6,48.7,1.06464
A,flow,G,15.9,40.9,1.01749
A,flow,N,15.7,37.8,0.97677
A,flow,E,15.9,41.3,1.02745
A,flow,D,16.1,40.4,0.96806
A,flow,I,10.2,14.8,1.39464
A,flow,F,15.5,56.8,1.52529
A,flow,O,16.1,44.8,1.0735
A,flow,J,16.5,48.7,1.08412
A,flow,O,15.4,37.4,1.02402
A,flow,L,18.1,62.2,1.04895
A,flow,E,15.4,35.6,0.97474
A,flow,I,14.6,32.4,1.04109
A,flow,C,15.9,42.1,1.04735
A,flow,C,15,34.8,1.03111
A,flow,N,17.9,57.2,0.99733
A,flow,K,16.6,49,1.0712
A,flow,A,17.3,52.6,1.01589
A,flow,G,18.8,69.9,1.05197
A,flow,H,16.8,53.4,1.12619
A,flow,K,14,29.2,1.06414
A,flow,D,16.6,48.7,1.06464
A,flow,F,15.8,40.5,1.0268
A,flow,N,17,50.6,1.02992
A,flow,K,16.8,55.4,1.16837
A,flow,M,17.4,55,1.04403
A,flow,I,16.5,44.8,0.9973
A,flow,O,15.8,37,0.93806
A,flow,G,15.3,35.9,1.00235
A,flow,L,16.7,45.8,0.98337
A,flow,C,16.9,50.4,1.04417
A,flow,I,15.2,36.4,1.0365
A,flow,G,17.5,54.1,1.00945
A,flow,M,17.4,57.9,1.09908
A,flow,L,17,51.9,1.05638
A,flow,N,18.2,59.8,0.99194
A,flow,O,15.1,34.8,1.01076
A,flow,I,17.6,56.8,1.04186
A,flow,O,16.2,41.7,0.98082
A,flow,P,18.2,41.4,0.68673
A,flow,G,15.1,39.3,1.14146
A,flow,A,14.4,28.8,0.96451
A,flow,K,17.5,60.5,1.12886
A,flow,O,15.8,42.6,1.08004
A,flow,O,15.3,37.5,1.04702
A,flow,H,17.2,55.9,1.09857
A,flow,P,16.8,46.3,0.97646
A,flow,P,12.6,19.9,0.99481
A,flow,N,15.5,37.2,0.99896
A,flow,H,15.9,45.3,1.12696
A,flow,P,10.9,13.8,1.06561
A,flow,E,17.5,54,1.00758
A,flow,K,15.4,38.2,1.04593
B,f.control,A,11.5,15.3,1.006
B,f.control,M,15.8,40.3,1.02172
B,f.control,J,16.7,40.3,0.86528
B,f.control,G,15.9,38.3,0.95281
B,f.control,J,10.2,11.2,1.0554
B,f.control,H,17.3,56.5,1.09121
B,f.control,C,10.7,14.4,1.17547
B,f.control,M,15.2,34.4,0.97955
B,f.control,D,15,33,0.97778
B,f.control,F,14.6,32.9,1.05715
B,f.control,A,16.5,28.5,0.63444
B,f.control,E,14.5,32.4,1.06277
B,f.control,A,15.8,32.7,0.82904
B,f.control,G,16.9,47.7,0.98823
B,f.control,O,16.8,52.3,1.103
B,f.control,D,17.2,50.6,0.99441
B,f.control,F,15.2,37.7,1.07352
B,f.control,O,16,39.1,0.95459
B,f.control,O,15.6,42.3,1.11421
B,f.control,K,18,65.3,1.11968
B,f.control,N,14.9,31.5,0.95225
B,f.control,K,16.2,43.5,1.02316
B,f.control,H,17.3,51.5,0.99465
B,f.control,K,14.8,34.4,1.06114
B,f.control,E,13.3,23.1,0.98188
B,f.control,D,15.4,35.1,0.96105
B,f.control,K,16.7,52,1.11649
B,f.control,F,16.6,48,1.04934
B,f.control,I,16.1,43.6,1.04474
B,f.control,A,15.8,40,1.01412
B,f.control,N,16.3,44.5,1.02754
B,f.control,H,16.7,50.4,1.08213
B,f.control,N,14.4,36.9,1.23577
B,f.control,L,17.6,54,0.9905
B,f.control,I,15.4,34.5,0.94462
B,f.control,P,15.3,35.9,1.00235
B,f.control,N,14.8,30.2,0.93158
B,f.control,D,15.4,36.1,0.98843
B,f.control,G,15.7,39.6,1.02328
B,f.control,H,17.9,64.2,1.11938
B,f.control,P,15.1,34.3,0.99624
B,f.control,N,18,57,0.97737
B,f.control,D,15.5,36.3,0.97479
B,f.control,N,16.3,38.3,0.88437
B,f.control,D,15.5,39.6,1.06341
B,f.control,L,16.8,48.1,1.01442
B,f.control,D,14.1,28.5,1.01669
B,f.control,D,16,43,1.0498
B,f.control,D,8.8,5.1,0.74838
B,f.control,G,14.9,33.8,1.02178
B,f.control,M,14.8,32.1,0.99019
B,f.control,H,16.6,47.9,1.04716
B,f.control,F,15.9,42.1,1.04735
B,f.control,J,14,28.2,1.0277
B,f.control,I,15,33,0.97778
B,f.control,I,16.1,42,1.0064
B,f.control,P,15.6,41.9,1.10367
B,f.control,K,16.8,46.9,0.98911
B,f.control,L,16.9,46.4,0.9613
B,f.control,K,15.6,40.8,1.0747
B,f.control,C,15.3,38.5,1.07495
B,f.control,O,14.9,36.3,1.09736
B,f.control,J,10.6,12.7,1.06632
B,f.control,L,17.9,59.4,1.03568
B,f.control,K,17,53,1.07877
B,f.control,O,15.5,36.3,0.97479
B,f.control,C,15,35.5,1.05185
B,f.control,J,16.5,45.2,1.00621
B,f.control,M,16.4,44.6,1.01112
B,f.control,K,14.9,32.8,0.99155
B,f.control,E,14.1,28.8,1.02739
B,f.control,D,12.2,16.6,0.91417
B,f.control,I,15.3,37.7,1.05261
B,f.control,E,14,27.6,1.00583
B,f.control,D,14,26.2,0.95481
B,f.control,P,14.3,37.9,1.29608
B,f.control,F,14.7,35.3,1.11128
B,f.control,I,14.9,35.5,1.07317
B,f.control,L,15.4,36.2,0.99117
B,f.control,L,10.4,13.4,1.19126
B,f.control,M,16.9,48.5,1.0048
B,f.control,A,14.6,27.3,0.87721
B,f.control,D,15.4,35.5,0.972
B,f.control,F,14,29.6,1.07872
B,f.control,E,12.1,19.9,1.1233
B,f.control,P,14.2,29.2,1.01981
B,f.control,L,16.2,42.7,1.00434
B,f.control,P,14.6,30.4,0.97682
B,f.control,I,16.3,44.3,1.02292
B,f.control,G,17.1,51.3,1.02596
B,f.control,D,10.1,9.4,0.91235
B,f.control,C,17.1,54,1.07995
B,f.control,P,14.9,32.9,0.99457
B,f.control,F,13.8,26.6,1.01215
B,f.control,H,18.8,69.8,1.05047
B,f.control,F,15.3,37.7,1.05261
B,f.control,H,16.1,50.3,1.20529
B,f.control,M,15.1,34.5,1.00205
B,f.control,P,13.6,24.9,0.98988
B,f.control,A,15.9,38.7,0.96276
B,f.control,M,17.6,53.8,0.98683
B,f.control,A,10.8,11.8,0.93672
B,f.control,K,15.5,37.4,1.00433
B,f.control,L,16.9,48.6,1.00688
B,f.control,O,14.3,30.3,1.03618
B,f.control,H,16.1,42.3,1.01359
B,f.control,K,17.2,52.5,1.03175
B,f.control,E,16.6,43.1,0.94222
B,f.control,N,15.2,35.6,1.01372
B,f.control,O,15.8,40.1,1.01665
B,f.control,P,16.4,42.4,0.96125
B,f.control,N,15.8,35.5,0.90003
B,f.control,P,15.3,34.7,0.96885
B,f.control,I,15.4,35.9,0.98295
B,f.control,L,14.2,27.6,0.96393
B,f.control,F,14.6,31.5,1.01217
B,f.control,L,14.2,29.8,1.04076
B,f.control,H,16,44.9,1.09619
B,f.control,M,16.3,43.5,1.00445
B,f.control,P,16.2,44.9,1.05609
B,f.control,H,16.8,48.3,1.01864
B,f.control,I,15.1,36.6,1.06304
B,f.control,O,16.3,44,1.01599
B,f.control,G,14.6,27,0.86757
B,f.control,F,15.4,36.3,0.9939
B,f.control,E,13.9,25,0.93088
B,f.control,F,16.8,48.6,1.02496
B,f.control,E,15.7,37.2,0.96127
B,f.control,H,16.3,47.8,1.10374
B,f.control,D,15.7,31.8,0.82173
B,f.control,A,14.8,29.4,0.90691
B,f.control,E,14.1,27,0.96318
B,f.control,M,17.8,54.1,0.95926
B,f.control,G,16,40.5,0.98877
B,f.control,N,14.3,28.4,0.9712
B,f.control,D,16.3,42.2,0.97443
B,f.control,F,13.7,27.8,1.08114
B,f.control,I,16.1,41.6,0.99682
B,f.control,O,16.4,45.9,1.04059
B,f.control,N,15.4,35.6,0.97474
B,f.control,A,12.9,20.9,0.97359
B,f.control,H,15.4,39.2,1.07331
B,f.control,P,16.1,42.8,1.02557
B,f.control,G,14.3,30.9,1.0567
B,f.control,A,16.5,43.9,0.97727
B,f.control,A,16,41.8,1.02051
B,f.control,D,14.9,32.1,0.97039
B,f.control,A,12.9,22,1.02483
B,f.control,C,16,42.8,1.04492
B,f.control,J,13.2,23,1.00001
B,f.control,O,15.3,37.6,1.04982
B,f.control,O,17,50.3,1.02381
B,f.control,F,15.1,35.4,1.02819
B,f.control,J,14.8,36.4,1.12284
B,f.control,P,16,41.5,1.01318
B,f.control,D,15,34.7,1.02815
B,f.control,N,17.2,48.9,0.961
B,f.control,C,15.9,39.6,0.98515
B,f.control,I,17.4,52,0.98709
B,f.control,I,17.5,54.1,1.00945
B,f.control,H,16.5,43.8,0.97504
B,f.control,N,16.3,42.8,0.98828
B,f.control,D,15.4,33.2,0.90903
B,f.control,M,16.5,44.2,0.98394
B,f.control,H,16.6,47.3,1.03404
B,f.control,L,15.8,48.8,1.23722
B,f.control,P,15.3,38.9,1.08611
B,f.control,I,16.9,50,1.03588
B,f.control,I,15.4,38.3,1.04866
B,f.control,K,15.6,40.6,1.06943
B,f.control,N,16.6,44.3,0.96846
B,f.control,L,15.4,36.6,1.00212
B,f.control,L,15.8,38.9,0.98623
B,f.control,P,17.4,53.9,1.02315
B,f.control,H,16.6,39,0.85259
B,f.control,N,14.1,25.1,0.8954
B,f.control,I,14.9,32.8,0.99155
B,f.control,L,16.1,41,0.98244
B,f.control,N,15.6,38.5,1.01411
B,f.control,F,14.5,32.9,1.07918
B,f.control,N,16,39.5,0.96436
B,f.control,L,17,47.1,0.95868
B,f.control,D,16.3,46.7,1.07834
B,f.control,P,10,10,1
B,f.control,G,14.5,33.7,1.10542
B,f.control,K,14.1,31.5,1.12371
B,f.control,J,11.6,16.6,1.06349
B,f.control,K,16.1,45.7,1.09506
B,f.control,F,14.6,32.9,1.05715
B,f.control,E,11.7,16.5,1.03021
B,f.control,E,14.9,34.1,1.03085
B,f.control,N,13.4,24.3,1.00993
B,f.control,E,10.5,15.1,1.30439
B,f.control,L,17.3,51,0.98499
B,f.control,J,16,42.3,1.03271
B,f.control,O,15.1,33.8,0.98172
B,f.control,K,16.1,43.8,1.04953
B,f.control,D,10.2,11.4,1.07425
B,f.control,A,15.2,34.6,0.98525
B,f.control,H,17.3,55.2,1.06611
B,f.control,D,15.1,33.2,0.96429
B,f.control,K,16.6,44.9,0.98157
B,f.control,G,17.2,52.6,1.03371
B,f.control,D,17,48.9,0.99532
B,f.control,P,16.1,41.9,1.00401
B,f.control,P,14.9,33.4,1.00969
B,f.control,J,15.3,38.6,1.07774
B,f.control,F,15.6,40.2,1.05889
B,f.control,I,16.4,45.7,1.03606
B,f.control,C,16.1,43.5,1.04235
B,f.control,H,16.8,48.2,1.01653
B,f.control,I,14.5,33.4,1.09558
B,f.control,O,15.8,40.4,1.02426
B,f.control,M,16.7,46.7,1.00269
B,f.control,J,16.5,49.5,1.10193
B,f.control,E,14.9,30,0.90691
B,f.control,P,15.3,34.9,0.97443
B,f.control,P,14.7,32.7,1.02943
B,f.control,E,14.9,33.2,1.00364
B,f.control,K,15.6,41,1.07997
B,f.control,P,17.1,47,0.93996
B,f.control,A,14.7,30.9,0.97276
B,f.control,F,17,50.8,1.03399
B,f.control,C,15.4,37.7,1.03224
B,f.control,O,15.6,39,1.02728
B,f.control,D,16.3,38.8,0.89592
B,f.control,E,14.7,31.7,0.99795
B,f.control,G,15.2,35,0.99664
B,f.control,P,13.6,25,0.99386
B,f.control,F,14.9,36.3,1.09736
B,f.control,O,16.3,47.6,1.09912
B,f.control,D,13.9,26.8,0.99791
B,f.control,I,17.2,55.5,1.09071
B,f.control,K,9.1,11.9,1.57915
B,f.control,J,12.5,20.8,1.06496
B,f.control,H,15.2,38,1.08206
B,f.control,K,15.4,37.9,1.03771
B,f.control,N,13.4,22.6,0.93928
B,f.control,F,15.9,41.6,1.03491
B,f.control,D,16.1,41.7,0.99921
B,f.control,H,15.2,36.6,1.0422
B,f.control,J,14.8,31.9,0.98402
B,f.control,P,14.9,33.9,1.0248
B,f.control,J,14.6,34.5,1.10856
B,f.control,K,16.1,44.2,1.05912
B,f.control,O,15.6,38.8,1.02202
B,f.control,A,15.8,39.2,0.99384
B,f.control,D,15.2,31.2,0.88843
B,f.control,H,16.6,47.6,1.0406
B,f.control,P,15.8,40,1.01412
B,f.control,L,15.4,38.8,1.06235
B,f.control,N,16,43.2,1.05469
B,f.control,G,16.3,44.2,1.02061
B,f.control,E,14.7,33.6,1.05776
B,f.control,C,16.1,44,1.05433
B,f.control,H,16.4,46.6,1.05646
B,f.control,I,17.8,56.5,1.00182
B,f.control,F,16.2,48.5,1.14077
B,f.control,O,14.2,28.4,0.99187
B,f.control,K,17.3,48.6,0.93864
B,f.control,O,16,39.8,0.97168
B,f.control,A,15.5,37.2,0.99896
B,f.control,I,15.9,40.6,1.01003
B,f.control,A,16.5,47.2,1.05073
B,f.control,J,16.8,47.6,1.00387
B,f.control,I,16.8,46.2,0.97435
B,f.control,G,17,51.1,1.0401
B,f.control,I,16.9,48.7,1.00895
B,f.control,P,13.6,26.1,1.03759
B,f.control,O,14.9,33,0.9976
B,f.control,O,16.3,42.8,0.98828
B,f.control,C,17.5,55.4,1.0337
B,f.control,P,14.6,31.7,1.01859
B,f.control,K,15.5,41.8,1.12249
B,f.control,C,15,35.2,1.04296
B,f.control,D,16.3,43.8,1.01137
B,f.control,D,16,38.9,0.94971
B,f.control,H,14,28.8,1.04956
B,f.control,I,14.7,23.3,0.73351
B,f.control,M,17.3,48.5,0.93671
B,f.control,O,15.3,37.9,1.05819
B,f.control,F,12.7,18.8,0.9178
B,f.control,M,18,58,0.99451
B,f.control,P,17.5,55,1.02624
B,f.control,E,15,34.7,1.02815
B,f.control,H,16.6,47.2,1.03185
B,f.control,D,15.6,37.9,0.99831
B,f.control,G,16.6,45.3,0.99032
B,f.control,P,14.9,32.5,0.98248
B,f.control,E,16.3,41.8,0.96519
B,f.control,K,16.4,47.7,1.0814
B,f.control,D,16.2,40.6,0.95495
B,f.control,D,16,40.5,0.98877
B,f.control,D,15.6,37.5,0.98777
B,f.control,L,15.1,34,0.98752
B,f.control,L,15,32.2,0.95407
B,f.control,L,13.8,25.9,0.98551
B,f.control,H,16.1,40.6,0.97286
B,f.control,A,13.8,25.3,0.96268
B,f.control,C,15.6,40.7,1.07206
B,f.control,A,15.7,38.5,0.99486
B,f.control,E,13.8,26.4,1.00454
B,f.control,C,13.1,22.7,1.00975
B,f.control,H,17,50.5,1.02789
B,f.control,L,16.7,47.3,1.01557
B,f.control,I,14.9,34.7,1.04899
B,f.control,G,14.1,28.8,1.02739
B,f.control,D,14.8,30.4,0.93775
B,f.control,N,17.1,52.2,1.04396
B,f.control,O,14.7,33.6,1.05776
B,f.control,J,15.6,39.6,1.04309
B,f.control,C,15.3,35.5,0.99118
B,f.control,H,15.2,35.3,1.00518
B,f.control,K,16.2,44.5,1.04668
B,f.control,G,15.4,37.9,1.03771
B,f.control,C,13.4,25.6,1.06396
B,f.control,E,15.8,40.9,1.03694
B,f.control,L,18.4,64.5,1.0354
B,f.control,A,12.5,18.7,0.95744
B,f.control,C,17.9,59.8,1.04266
B,f.control,F,14.1,29.8,1.06306
B,f.control,N,17,48.4,0.98514
B,f.control,C,16,42.9,1.04736
B,f.control,I,18.8,63,0.94813
B,f.control,O,16.2,42.8,1.0067
B,f.control,H,16.8,51.1,1.07769
B,f.control,G,16.6,45.8,1.00125
B,f.control,O,15.3,38,1.06099
B,f.control,C,14.3,31,1.06012
B,f.control,O,17,48.9,0.99532
B,f.control,I,16.4,44.3,1.00432
B,f.control,C,16.8,49.2,1.03762
B,f.control,L,16.4,42.9,0.97258
B,f.control,N,15.6,37.4,0.98514
B,f.control,F,14.9,35.9,1.08526
B,f.control,N,15,34.2,1.01333
B,f.control,K,16,41.9,1.02295
B,f.control,D,11.8,14.9,0.90686
B,f.control,K,16.3,45.2,1.0437
B,f.control,O,16.8,44.7,0.94271
B,f.control,L,18.2,56.4,0.93555
B,f.control,P,17.6,53.8,0.98683
B,f.control,P,14.8,35,1.07965
B,f.control,J,15.4,37.5,1.02676
B,f.control,I,15.6,38.4,1.01148
B,f.control,L,16.7,46,0.98766
B,f.control,K,15.5,36,0.96673
B,f.control,O,17.9,61,1.06358
B,f.control,K,17.3,51.4,0.99272
B,f.control,I,16.3,43.4,1.00214
B,f.control,E,15.9,42.1,1.04735
B,f.control,L,15.6,38.2,1.00621
B,f.control,M,17.4,51.7,0.98139
B,f.control,G,17.5,49.9,0.93108
B,f.control,O,15.8,41.9,1.06229
B,f.control,O,16.8,49.6,1.04605
B,f.control,C,13,23.8,1.0833
B,f.control,G,16.4,44.3,1.00432
B,f.control,G,15.9,39,0.97023
B,f.control,N,15.8,39,0.98877
B,f.control,H,17.3,52.9,1.02169
B,f.control,G,17,49.8,1.01364
B,f.control,N,18,58.9,1.00995
B,f.control,F,15.3,38.9,1.08611
B,f.control,K,17.6,59.2,1.08588
B,f.control,I,16.6,46,1.00562
B,f.control,I,15,36,1.06667
B,f.control,H,15.7,39.2,1.01295
B,f.control,N,17,48,0.977
B,f.control,J,15.4,41.5,1.13628
B,f.control,L,16.4,44.7,1.01339
B,f.control,C,11.7,16.7,1.0427
B,f.control,J,15.1,35.4,1.02819
B,f.control,A,15.1,32,0.92944
B,f.control,K,15.6,38.5,1.01411
B,f.control,M,15.5,35.7,0.95868
B,f.control,H,16.7,48.3,1.03705
B,f.control,A,16.7,47.6,1.02202
B,f.control,P,15.1,33.2,0.96429
B,f.control,E,12.2,18.1,0.99678
B,f.control,K,14.9,33.6,1.01574
B,f.control,O,16,42.5,1.0376
B,f.control,K,16.3,47.6,1.09912
B,f.control,C,15.4,40.2,1.10069
B,f.control,N,15.4,36.9,1.01033
B,f.control,N,16.8,46.2,0.97435
B,f.control,A,12.2,17.4,0.95823
B,f.control,D,16.5,41.6,0.92607
B,f.control,E,16.5,42.3,0.94165
B,f.control,N,16.8,48.9,1.03129
B,f.control,O,16.5,43.4,0.96614
B,f.control,N,15.7,39,1.00778
B,f.control,G,17.5,51,0.9516
B,f.control,M,16.5,42.8,0.95278
B,f.control,C,14.2,29,1.01282
B,f.control,C,16,42.6,1.04004
B,f.control,N,16.2,40.6,0.95495
B,f.control,C,14.9,33.3,1.00667
B,f.control,O,16.3,44.1,1.0183
B,f.control,F,16,44.9,1.09619
B,f.control,O,16.3,47.2,1.08988
B,f.control,N,14.6,31.6,1.01538
C,f.control,C,15.1,37.6,1.09209
C,f.control,M,16,41.9,1.02295
C,f.control,M,16.4,46.9,1.06326
C,f.control,M,16.1,42,1.0064
C,f.control,I,8.4,6.1,1.02918
C,f.control,L,15,33.1,0.98074
C,f.control,F,16.1,45.2,1.08308
C,f.control,G,16,44.1,1.07666
C,f.control,L,17.4,49.7,0.94343
C,f.control,K,16.6,48.8,1.06683
C,f.control,K,16,44.9,1.09619
C,f.control,L,16.6,43.7,0.95534
C,f.control,O,15.3,37.5,1.04702
C,f.control,I,14.6,31.8,1.02181
C,f.control,H,16.3,46.4,1.07141
C,f.control,I,15.7,39.8,1.02845
C,f.control,I,15.2,36,1.02511
C,f.control,D,15.6,38.4,1.01148
C,f.control,I,16.5,47,1.04628
C,f.control,K,16.6,47.8,1.04497
C,f.control,N,15.3,46.7,1.30389
C,f.control,D,16.5,44.6,0.99285
C,f.control,M,15.7,39.2,1.01295
C,f.control,G,16.7,45,0.96619
C,f.control,F,14,29.6,1.07872
C,f.control,O,15.2,37,1.05359
C,f.control,D,14.5,36.8,1.2071
C,f.control,G,13.4,24.2,1.00578
C,f.control,A,15.3,35.1,0.98002
C,f.control,K,17,51.1,1.0401
C,f.control,P,10.7,12.8,1.04486
C,f.control,D,13.2,20.8,0.90436
C,f.control,N,14.7,31.4,0.9885
C,f.control,P,13.5,24.5,0.99578
C,f.control,P,14.3,29.3,1.00198
C,f.control,O,14.6,33.3,1.07
C,f.control,P,15.3,38.3,1.06936
C,f.control,H,17.6,56.9,1.0437
C,f.control,K,16.3,43.1,0.99521
C,f.control,N,16.6,45.9,1.00343
C,f.control,L,15.8,39,0.98877
C,f.control,O,16.5,44.4,0.9884
C,f.control,M,16.5,45.7,1.01734
C,f.control,I,13.3,26,1.10514
C,f.control,H,15.6,38.2,1.00621
C,f.control,A,15.9,37.9,0.94286
C,f.control,O,17.5,57.1,1.06542
C,f.control,A,15.6,41.1,1.0826
C,f.control,P,15,31.2,0.92444
C,f.control,D,16,44.4,1.08398
C,f.control,P,11.3,15.3,1.06037
C,f.control,N,15.9,38.9,0.96774
C,f.control,E,15.2,36.9,1.05074
C,f.control,N,15.5,36.5,0.98016
C,f.control,L,15,33.5,0.99259
C,f.control,G,12.9,21.1,0.98291
C,f.control,H,18.1,59.7,1.00679
C,f.control,A,15.8,37.7,0.95581
C,f.control,A,15.4,36.6,1.00212
C,f.control,D,16.6,45.3,0.99032
C,f.control,L,15.2,33.1,0.94253
C,f.control,J,14,30,1.09329
C,f.control,N,17,45.8,0.93222
C,f.control,K,16.5,45.3,1.00843
C,f.control,P,14.4,28.2,0.94441
C,f.control,E,14.1,27.2,0.97031
C,f.control,H,15.8,41,1.03947
C,f.control,F,14.4,32.7,1.09512
C,f.control,D,10,8.3,0.83
C,f.control,I,15.7,40.7,1.05171
C,f.control,M,16.8,44.1,0.93006
C,f.control,J,11.8,15.9,0.96772
C,f.control,P,14.1,27.2,0.97031
C,f.control,N,15.9,38,0.94535
C,f.control,D,15.8,40.5,1.0268
C,f.control,O,15.4,35.8,0.98021
C,f.control,P,16,40.4,0.98633
C,f.control,M,17,50.7,1.03196
C,f.control,D,12.9,20.6,0.95962
C,f.control,D,11.8,13.4,0.81557
C,f.control,J,14.2,27.5,0.96043
C,f.control,K,16.6,51.7,1.13023
C,f.control,P,15.3,35.2,0.98281
C,f.control,I,16.1,41.4,0.99203
C,f.control,C,16.1,43,1.03036
C,f.control,C,16.3,45.1,1.04139
C,f.control,K,14.9,32.8,0.99155
C,f.control,H,16.7,48.9,1.04993
C,f.control,N,16.3,40,0.92363
C,f.control,C,14.2,28.4,0.99187
C,f.control,O,16.6,47.1,1.02967
C,f.control,A,15.2,34.4,0.97955
C,f.control,O,15.9,38.6,0.96028
C,f.control,G,14.3,27,0.92333
C,f.control,C,17,53.7,1.09302
C,f.control,H,17.2,53.4,1.04944
C,f.control,M,16.6,46.5,1.01655
C,f.control,D,15,32.5,0.96296
C,f.control,M,16.5,44,0.97949
C,f.control,P,16.2,43.9,1.03257
C,f.control,H,18.2,64.7,1.07322
C,f.control,K,16.7,48,1.0306
C,f.control,N,16,40.1,0.979
C,f.control,H,12.8,21.6,1.02997
C,f.control,L,18.4,59.9,0.96155
C,f.control,K,16.2,47.5,1.11725
C,f.control,J,16.2,44.8,1.05374
C,f.control,L,16,38.7,0.94482
C,f.control,A,13.4,23.9,0.99331
C,f.control,C,14.3,28.3,0.96778
C,f.control,P,11.4,15.7,1.05971
C,f.control,J,11.5,15,0.98627
C,f.control,I,14.9,32.1,0.97039
C,f.control,P,14.3,30.2,1.03276
C,f.control,E,15.5,37.6,1.0097
C,f.control,I,15,34.6,1.02519
C,f.control,F,13.7,27.8,1.08114
C,f.control,N,15.4,35.3,0.96652
C,f.control,D,15.6,37.1,0.97724
C,f.control,F,13.7,26.4,1.0267
C,f.control,O,17.5,53.5,0.99825
C,f.control,I,14.4,27.7,0.92767
C,f.control,F,14.3,30.3,1.03618
C,f.control,P,13.8,26.1,0.99312
C,f.control,I,15.4,39.3,1.07604
C,f.control,G,17.4,51.8,0.98329
C,f.control,I,15.3,39.1,1.0917
C,f.control,J,15.8,39.1,0.9913
C,f.control,G,16.6,46.4,1.01436
C,f.control,N,15.1,32,0.92944
C,f.control,D,15.6,36.2,0.95353
C,f.control,C,14.2,30.3,1.05822
C,f.control,M,17.5,53.2,0.99265
C,f.control,H,17.3,50.5,0.97533
C,f.control,J,14.9,33.8,1.02178
C,f.control,I,15.2,36.4,1.0365
C,f.control,D,15.5,37.3,1.00164
C,f.control,A,14.8,31.6,0.97477
C,f.control,N,16.6,35.3,0.7717
C,f.control,H,16.5,49.8,1.10861
C,f.control,O,15.2,45.1,1.28424
C,f.control,L,15.5,35.7,0.95868
C,f.control,D,15.7,39.9,1.03104
C,f.control,D,15.7,35.6,0.91992
C,f.control,G,17.2,51.2,1.0062
C,f.control,G,17.5,56.1,1.04676
C,f.control,P,15.6,38.4,1.01148
C,f.control,K,17.7,59.4,1.07119
C,f.control,D,15.5,37.7,1.01239
C,f.control,K,17.5,57.2,1.06729
C,f.control,D,14.6,27.9,0.89649
C,f.control,P,15.5,35.5,0.95331
C,f.control,D,16.9,37.4,0.77484
C,f.control,O,15.5,37.9,1.01776
C,f.control,H,15.4,36.6,1.00212
C,f.control,J,15.2,36.1,1.02796
C,f.control,O,13.3,23.1,0.98188
C,f.control,K,17.5,60.2,1.12327
C,f.control,N,15.8,40.1,1.01665
C,f.control,J,15.1,36.2,1.05142
C,f.control,O,15.5,39.4,1.05804
C,f.control,C,15.9,41.8,1.03988
C,f.control,N,13.6,29.1,1.15685
C,f.control,M,16.8,45.5,0.95959
C,f.control,D,17.1,51,1.01996
C,f.control,J,10.6,12.3,1.03273
C,f.control,C,15.5,39.4,1.05804
C,f.control,P,15.4,33.5,0.91724
C,f.control,L,16.5,43.4,0.96614
C,f.control,P,15.7,36.4,0.94059
C,f.control,M,16,39.4,0.96191
C,f.control,L,18.6,60.6,0.94175
C,f.control,O,16.4,45.1,1.02246
C,f.control,A,15.5,37.8,1.01507
C,f.control,I,11.8,16.2,0.98598
C,f.control,P,14.8,31.6,0.97477
C,f.control,I,16.5,42,0.93497
C,f.control,G,16,37.7,0.92041
C,f.control,H,17.6,57,1.04553
C,f.control,P,16,39.9,0.97412
C,f.control,O,15.8,37.8,0.95834
C,f.control,M,16.4,44.6,1.01112
C,f.control,O,16.6,47.6,1.0406
C,f.control,E,13.3,24.6,1.04564
C,f.control,C,14.7,33.4,1.05146
C,f.control,K,16,39.1,0.95459
C,f.control,K,16.1,42.5,1.01838
C,f.control,A,15.1,35.5,1.03109
C,f.control,O,17,48.9,0.99532
C,f.control,J,15.5,37.8,1.01507
C,f.control,M,15.3,35.3,0.9856
C,f.control,P,15.1,33.3,0.96719
C,f.control,K,16.2,44,1.03492
C,f.control,C,15.6,37.6,0.99041
C,f.control,F,16.1,42.6,1.02078
C,f.control,N,15,32.3,0.95704
C,f.control,E,15.9,37.6,0.9354
C,f.control,C,13,22.8,1.03778
C,f.control,K,16.3,44,1.01599
C,f.control,P,14.2,27.4,0.95694
C,f.control,O,15,33.3,0.98667
C,f.control,P,14.9,32.1,0.97039
C,f.control,F,15.4,37,1.01307
C,f.control,J,15.4,39.4,1.07878
C,f.control,A,14.9,31.9,0.96434
C,f.control,O,15.2,36.7,1.04505
C,f.control,F,14.5,31.5,1.03325
C,f.control,C,13,23.5,1.06964
C,f.control,H,13.1,22.9,1.01864
C,f.control,N,16.1,43.6,1.04474
C,f.control,G,15,32.1,0.95111
C,f.control,F,15.5,37.9,1.01776
C,f.control,E,13.9,26.8,0.99791
C,f.control,F,12.5,22.1,1.13152
C,f.control,K,15.1,32.2,0.93524
C,f.control,H,16.2,43.4,1.02081
C,f.control,L,15,32.8,0.97185
C,f.control,E,15.4,37.2,1.01855
C,f.control,C,13,34.3,1.56122
C,f.control,G,17.2,49.9,0.98065
C,f.control,D,13.9,25.2,0.93833
C,f.control,M,16.7,48.5,1.04134
C,f.control,L,14.8,30.5,0.94084
C,f.control,E,14.3,30.6,1.04644
C,f.control,P,15.7,36.7,0.94835
C,f.control,D,15.6,35.9,0.94563
C,f.control,K,15.2,38.2,1.08776
C,f.control,D,14.6,28.9,0.92862
C,f.control,C,14.3,30.6,1.04644
C,f.control,K,12.7,27.8,1.35717
C,f.control,M,16.4,45.1,1.02246
C,f.control,L,15.1,33.6,0.97591
C,f.control,D,15.6,37.2,0.97987
C,f.control,F,15.4,36.8,1.00759
C,f.control,G,15,33.3,0.98667
C,f.control,O,16.2,43.6,1.02551
C,f.control,D,17.6,53.7,0.985
C,f.control,K,16.5,45.3,1.00843
C,f.control,A,17.6,54.1,0.99234
C,f.control,A,13.6,24.1,0.95808
C,f.control,I,16.4,46,1.04286
C,f.control,P,16,39.4,0.96191
C,f.control,K,14.2,28.2,0.98488
C,f.control,N,15.9,40.4,1.00506
C,f.control,H,15.6,36.7,0.9667
C,f.control,O,15.6,37.7,0.99304
C,f.control,O,15,31.7,0.93926
C,f.control,L,16.5,41.9,0.93274
C,f.control,K,17,46.9,0.95461
C,f.control,E,11.6,15.1,0.96739
C,f.control,L,14.7,29.8,0.93813
C,f.control,L,16.5,44.3,0.98617
C,f.control,F,14.7,31.8,1.00109
C,f.control,L,16.7,46,0.98766
C,f.control,J,11,14.5,1.08941
C,f.control,A,15.5,37.5,1.00702
C,f.control,N,15.7,37.2,0.96127
C,f.control,N,15.5,33.7,0.90497
C,f.control,P,11.8,16.5,1.00424
C,f.control,A,14.6,30.9,0.99289
C,f.control,C,15.7,40.4,1.04396
C,f.control,E,16,42.8,1.04492
C,f.control,H,16.2,46.9,1.10313
C,f.control,I,15.9,40,0.9951
C,f.control,C,12.9,22.2,1.03415
C,f.control,I,13.9,26.9,1.00163
C,f.control,P,14,26.4,0.9621
C,f.control,N,14.7,32.3,1.01684
C,f.control,H,15.4,38.3,1.04866
C,f.control,L,17.1,49.1,0.98196
C,f.control,K,16.7,49.4,1.06066
C,f.control,N,16.8,47.3,0.99755
C,f.control,D,12.8,21,1.00136
C,f.control,P,15.7,36.1,0.93284
C,f.control,M,15,35.1,1.04
C,f.control,E,15.8,39.9,1.01158
C,f.control,J,16.3,43.9,1.01368
C,f.control,J,14.5,31.1,1.02013
C,f.control,O,15.1,36.1,1.04852
C,f.control,K,17.1,48.9,0.97796
C,f.control,K,17.8,60.6,1.07452
C,f.control,P,10.4,11.8,1.04902
C,f.control,L,14.9,29.9,0.90388
C,f.control,A,16.3,44.3,1.02292
C,f.control,K,17.1,56,1.11995
C,f.control,L,15.7,38.4,0.99228
C,f.control,C,16.3,46.9,1.08295
C,f.control,F,15.4,37.9,1.03771
C,f.control,A,15.9,37.5,0.93291
C,f.control,O,16,42.5,1.0376
C,f.control,N,16.5,45,1.00175
C,f.control,C,15.5,40.3,1.08221
C,f.control,K,16.2,43.2,1.01611
C,f.control,D,16.5,42.4,0.94387
C,f.control,K,11.2,14.2,1.01073
C,f.control,D,16.7,47.2,1.01343
C,f.control,F,14,27.2,0.99125
C,f.control,L,18.9,69.6,1.03092
C,f.control,N,15.8,47.8,1.21187
C,f.control,L,17.3,47.8,0.92319
C,f.control,H,18.8,62.6,0.94211
C,f.control,M,16.2,41.6,0.97847
C,f.control,K,15.9,41.4,1.02993
C,f.control,F,15.9,41.5,1.03242
C,f.control,G,15.1,33.3,0.96719
C,f.control,P,16.2,40.4,0.95025
C,f.control,A,11.8,16.8,1.0225
C,f.control,O,13.2,24.2,1.05219
C,f.control,I,15.6,37.4,0.98514
C,f.control,H,16.8,48,1.01231
C,f.control,D,15.7,36.1,0.93284
C,f.control,N,15.2,32.7,0.93114
C,f.control,O,15.9,39.8,0.99013
C,f.control,L,14.6,30.9,0.99289
C,f.control,I,12.3,19,1.02103
C,f.control,D,16.5,44.8,0.9973
C,f.control,H,17,51.3,1.04417
C,f.control,I,12.8,20.7,0.98705
C,f.control,J,9.5,9.2,1.07304
C,f.control,E,15.1,37.3,1.08337
C,f.control,L,16.2,40.3,0.94789
C,f.control,O,15.5,39.2,1.05267
C,f.control,E,14,27.2,0.99125
C,f.control,E,16.2,42.4,0.99729
C,f.control,L,16,37.2,0.9082
C,f.control,L,15.4,35.1,0.96105
C,f.control,H,15.3,36.2,1.01073
C,f.control,L,17,46.9,0.95461
C,f.control,K,17.4,59.8,1.13515
C,f.control,P,13,26.1,1.18798
C,f.control,G,13.5,23.6,0.9592
C,f.control,O,16.6,47.9,1.04716
C,f.control,K,17.2,52.1,1.02389
C,f.control,F,16,42,1.02539
C,f.control,H,15.8,41.8,1.05975
C,f.control,K,15.9,41.1,1.02247
C,f.control,C,15.9,34.1,0.84833
C,f.control,O,16.8,46.3,0.97646
C,f.control,I,16.2,42.1,0.99023
C,f.control,E,14,27.5,1.00219
C,f.control,K,15.2,34.5,0.9824
C,f.control,E,15,32.8,0.97185
C,f.control,N,15.1,38.5,1.11823
C,f.control,H,17,50.7,1.03196
C,f.control,H,16.6,46.8,1.02311
C,f.control,D,15.5,36.4,0.97748
C,f.control,L,15.5,37.1,0.99627
C,f.control,O,16.3,42.3,0.97674
C,f.control,N,16.3,41.1,0.94903
C,f.control,L,17.2,50,0.98262
C,f.control,N,17,49.4,1.0055
C,f.control,M,15.4,36.4,0.99664
C,f.control,M,14.7,30.4,0.95702
C,f.control,F,15,35.3,1.04593
C,f.control,C,15.1,36,1.04561
C,f.control,I,14.8,31.6,0.97477
C,f.control,E,15.9,33.1,0.82345
C,f.control,O,16.3,45.6,1.05294
C,f.control,N,15.4,35.8,0.98021
C,f.control,D,16.1,41.4,0.99203
C,f.control,L,17.1,51.2,1.02396
C,f.control,G,15.1,34.3,0.99624
C,f.control,M,16.9,49.2,1.01931
C,f.control,C,16,40.9,0.99854
C,f.control,H,13.4,25.6,1.06396
C,f.control,C,15.4,36.8,1.00759
C,f.control,L,15.7,38.9,1.0052
C,f.control,G,16.1,41.1,0.98484
C,f.control,C,14.9,35.9,1.08526
C,f.control,M,16.1,42.4,1.01599
C,f.control,C,16.5,45.4,1.01066
C,f.control,A,14.1,26.3,0.93821
C,f.control,O,16,42.7,1.04248
C,f.control,G,17.2,51.1,1.00424
C,f.control,N,15.9,38.3,0.95281
C,f.control,P,16,38.3,0.93506
C,f.control,G,13.5,24.8,1.00798
C,f.control,F,14.3,30.6,1.04644
C,f.control,A,10.6,12.1,1.01594
D,flow,K,16.7,49.7,1.0671
D,flow,H,16.6,47.8,1.04497
D,flow,L,8.9,10.8,1.53198
D,flow,K,16.6,51.5,1.12586
D,flow,O,16.1,44.8,1.0735
D,flow,J,12.4,20,1.04897
D,flow,J,15.5,39.4,1.05804
D,flow,J,15.9,40.9,1.01749
D,flow,L,17.3,54.6,1.05452
D,flow,I,15.2,38.1,1.08491
D,flow,G,14.9,33.1,1.00062
D,flow,L,16.4,45,1.02019
D,flow,P,14.7,31.3,0.98535
D,flow,M,15.5,38.6,1.03655
D,flow,K,16.5,47.5,1.05741
D,flow,D,15.7,39.4,1.01812
D,flow,I,16.5,46.6,1.03737
D,flow,D,14.5,30.7,1.00701
D,flow,L,15.9,39.1,0.97271
D,flow,L,16.6,43.5,0.95097
D,flow,I,16.8,53.1,1.11987
D,flow,L,16.8,48.8,1.02918
D,flow,F,15.5,40,1.07415
D,flow,P,16.3,44.6,1.02985
D,flow,H,17.5,58.2,1.08595
D,flow,P,15.8,39.6,1.00398
D,flow,N,15.4,36.5,0.99938
D,flow,H,17.1,56.1,1.12195
D,flow,A,15.4,37.4,1.02402
D,flow,K,16.4,44.4,1.00659
D,flow,I,10.5,11.8,1.01933
D,flow,P,10.8,12.7,1.00817
D,flow,D,16.2,41.1,0.96671
D,flow,I,16.2,45.1,1.0608
D,flow,C,16,41.2,1.00586
D,flow,C,16,43.9,1.07178
D,flow,A,14.8,32.9,1.01487
D,flow,H,16.8,51.2,1.0798
D,flow,F,14.5,30.5,1.00045
D,flow,H,16.8,47.6,1.00387
D,flow,A,16.6,46,1.00562
D,flow,F,14,28.9,1.05321
D,flow,K,15,34,1.00741
D,flow,F,14.5,30.7,1.00701
D,flow,E,16,40.6,0.99121
D,flow,P,15.4,37.4,1.02402
D,flow,D,13.4,23.3,0.96837
D,flow,D,16.8,43.6,0.91951
D,flow,P,16,41.2,1.00586
D,flow,L,16.1,43.9,1.05193
D,flow,L,17,49,0.99735
D,flow,K,16.8,52.2,1.10089
D,flow,N,17.3,53.8,1.03907
D,flow,O,15.1,37.8,1.0979
D,flow,L,14.2,27.3,0.95345
D,flow,N,17.2,50.4,0.99048
D,flow,D,10.8,13.9,1.10343
D,flow,L,16.3,44.2,1.02061
D,flow,P,14.3,29.7,1.01566
D,flow,L,15.2,33.6,0.95677
D,flow,O,14.6,30.9,0.99289
D,flow,L,15.3,40,1.11683
D,flow,D,15,32.1,0.95111
D,flow,K,16.4,50.4,1.14261
D,flow,O,15.3,37.3,1.04144
D,flow,L,16.5,45.8,1.01956
D,flow,A,16.2,45.9,1.07961
D,flow,K,14.4,30.6,1.02479
D,flow,O,16,42.4,1.03516
D,flow,I,16.4,45.1,1.02246
D,flow,L,17.8,54.8,0.97167
D,flow,M,17.3,51.7,0.99851
D,flow,L,18.8,66.1,0.99478
D,flow,A,13.4,23.5,0.97668
D,flow,C,16,42.4,1.03516
D,flow,N,17.5,50.6,0.94414
D,flow,D,11.6,15.1,0.96739
D,flow,D,16.4,46.3,1.04966
D,flow,K,17.3,55.4,1.06997
D,flow,G,17.1,48.1,0.96196
D,flow,A,13.5,24.7,1.00391
D,flow,G,15.9,41,1.01998
D,flow,D,15.4,37.1,1.01581
D,flow,C,15.2,37.3,1.06213
D,flow,L,16.8,46.5,0.98068
D,flow,I,14.5,33.3,1.0923
D,flow,L,9.4,10.9,1.31233
D,flow,J,11.9,17.6,1.04441
D,flow,G,16.1,42.8,1.02557
D,flow,L,17.4,52.6,0.99848
D,flow,P,15.5,37.4,1.00433
D,flow,K,16.5,47.8,1.06408
D,flow,N,16.4,41.7,0.94538
D,flow,A,15.5,37,0.99359
D,flow,I,16,40.1,0.979
D,flow,E,16.2,38.1,0.89615
D,flow,P,17.6,53.3,0.97766
D,flow,E,13.6,26.3,1.04554
D,flow,P,15.9,40.3,1.00257
D,flow,N,18,57.2,0.9808
D,flow,E,11,12.6,0.94666
D,flow,F,14.3,29.7,1.01566
D,flow,P,16.2,39.3,0.92437
D,flow,F,11.7,20.2,1.26123
D,flow,M,17.4,57.4,1.08959
D,flow,F,15.6,39.4,1.03782
D,flow,G,18.3,65,1.06062
D,flow,K,17.1,54.8,1.09595
D,flow,P,14.4,29,0.9712
D,flow,O,15.4,41.2,1.12807
D,flow,L,17,53,1.07877
D,flow,H,17.6,57.7,1.05837
D,flow,D,16.5,40.8,0.90826
D,flow,I,16.6,46.1,1.00781
D,flow,I,15.4,37.8,1.03497
D,flow,O,15.1,35.4,1.02819
D,flow,F,14.9,35.7,1.07922
D,flow,E,15,33.1,0.98074
D,flow,C,14.8,33.9,1.04572
D,flow,O,16.3,44.2,1.02061
D,flow,P,15.1,34.2,0.99333
D,flow,P,16.3,45.1,1.04139
D,flow,F,13.7,27.6,1.07336
D,flow,D,16.1,41.4,0.99203
D,flow,O,16.5,46.7,1.0396
D,flow,E,13.4,25.3,1.05149
D,flow,O,15.8,41.5,1.05215
D,flow,K,15.5,43.4,1.16545
D,flow,C,14.1,28.2,1.00599
D,flow,L,15.6,38.9,1.02465
D,flow,A,15.4,37.4,1.02402
D,flow,N,16.6,46.6,1.01874
D,flow,O,16.1,43.2,1.03516
D,flow,P,10.1,11.1,1.07736
D,flow,O,16.3,44.8,1.03446
D,flow,A,15.5,39.5,1.06072
D,flow,P,14.7,33.3,1.04832
D,flow,C,9.2,9.8,1.25853
D,flow,I,15.9,41.8,1.03988
D,flow,J,16.5,47.2,1.05073
D,flow,I,15.1,35,1.01657
D,flow,A,14.5,31.4,1.02997
D,flow,D,16.1,42.8,1.02557
D,flow,M,15.6,40.2,1.05889
D,flow,K,17,47.8,0.97293
D,flow,K,15.3,36.5,1.0191
D,flow,C,14.3,31.2,1.06696
D,flow,C,17.7,56.4,1.01709
D,flow,J,13,22.7,1.03323
D,flow,E,16.8,48.8,1.02918
D,flow,A,15.9,43.1,1.07222
D,flow,D,15.6,36.9,0.97197
D,flow,D,16.2,43.3,1.01846
D,flow,H,14.7,31.2,0.98221
D,flow,L,17.1,53.3,1.06596
D,flow,L,16.1,43.3,1.03755
D,flow,H,16.9,49.6,1.02759
D,flow,E,15.5,36.8,0.98822
D,flow,E,15.4,37.5,1.02676
D,flow,K,15.7,44.6,1.15249
D,flow,H,16.7,50.1,1.07569
D,flow,O,16.8,50.7,1.06925
D,flow,H,14.5,38,1.24646
D,flow,G,18.9,69.9,1.03536
D,flow,K,15.8,41.2,1.04454
D,flow,P,15.1,34.9,1.01367
D,flow,O,16.3,48.8,1.12683
D,flow,E,14,27.6,1.00583
D,flow,D,15,34.7,1.02815
D,flow,H,16.4,47.3,1.07233
D,flow,L,17.6,59,1.08222
D,flow,O,17.4,56.7,1.0763
D,flow,I,12.8,22.5,1.07288
D,flow,P,15.6,40.6,1.06943
D,flow,F,14.7,30.1,0.94758
D,flow,I,14.9,33.2,1.00364
D,flow,E,12.8,19.6,0.9346
D,flow,F,14.5,32.5,1.06605
D,flow,I,15.6,38.8,1.02202
D,flow,J,15.6,39.8,1.04836
D,flow,F,14.6,32.7,1.05073
D,flow,A,15.7,42.5,1.09822
D,flow,O,16.3,44.7,1.03215
D,flow,I,15.2,36.3,1.03366
D,flow,N,15.9,42,1.04486
D,flow,E,15,32.3,0.95704
D,flow,O,16.6,48.4,1.05809
D,flow,N,16.6,45.4,0.9925
D,flow,C,16.4,45.4,1.02926
D,flow,K,14.1,28.1,1.00242
D,flow,K,15.5,40.1,1.07684
D,flow,C,15.1,36.7,1.06595
D,flow,N,14.6,31.8,1.02181
D,flow,N,17.3,53.3,1.02941
D,flow,G,16,40.3,0.98389
D,flow,O,16.2,43.8,1.03022
D,flow,O,15.7,41.1,1.06204
D,flow,N,15,37.3,1.10519
D,flow,O,15.5,37,0.99359
D,flow,O,16.3,42.6,0.98366
D,flow,E,15.1,36.1,1.04852
D,flow,F,15.2,37.5,1.06783
D,flow,L,15.5,37.4,1.00433
D,flow,L,15.7,38.2,0.98711
D,flow,P,15.4,37.3,1.02128
D,flow,D,16.6,46.2,1.00999
D,flow,F,14,30.8,1.12245
D,flow,J,14.3,32.3,1.10457
D,flow,C,15,35,1.03704
D,flow,L,16.1,42.9,1.02797
D,flow,P,16.6,46.2,1.00999
D,flow,J,15.1,37,1.07466
D,flow,M,16.3,42.7,0.98597
D,flow,I,14.5,33.5,1.09886
D,flow,K,15.6,43.2,1.13792
D,flow,I,14.7,31.8,1.00109
D,flow,P,16.6,42.3,0.92473
D,flow,F,14.5,32.9,1.07918
D,flow,K,14.9,36.2,1.09433
D,flow,H,14.6,34.4,1.10535
D,flow,I,15.5,38.7,1.03924
D,flow,C,14.7,34.4,1.08295
D,flow,G,18.2,68,1.12796
D,flow,N,16.3,44.5,1.02754
D,flow,F,17,52.1,1.06045
D,flow,M,17.1,51.5,1.02996
D,flow,F,14.5,33.8,1.1087
D,flow,C,16.1,45.3,1.08548
D,flow,H,16.6,48.6,1.06246
D,flow,M,16.4,45.6,1.03379
D,flow,F,14.3,31.7,1.08405
D,flow,M,15.9,41.1,1.02247
D,flow,H,15.6,39.3,1.03519
D,flow,L,17.9,59.7,1.04091
D,flow,P,15,35,1.03704
D,flow,H,17.3,58.1,1.12212
D,flow,M,17.7,58.6,1.05676
D,flow,L,17.4,51.5,0.9776
D,flow,I,15.8,40.9,1.03694
D,flow,P,14.1,27.1,0.96675
D,flow,D,16.7,45.2,0.97049
D,flow,C,15.6,41.9,1.10367
D,flow,I,16,42.7,1.04248
D,flow,M,16,42.7,1.04248
D,flow,K,15.9,44.3,1.10208
D,flow,D,16,40.2,0.98145
D,flow,E,14.4,27.3,0.91427
D,flow,E,15.1,33.4,0.9701
D,flow,N,17.5,56.2,1.04863
D,flow,A,13.2,24,1.04349
D,flow,O,16.3,42.7,0.98597
D,flow,N,15.2,36.3,1.03366
D,flow,M,17.3,58.2,1.12405
D,flow,F,15.1,35.7,1.0369
D,flow,F,13.2,24,1.04349
D,flow,K,15.9,44.8,1.11452
D,flow,L,16.8,50.4,1.06293
D,flow,I,15.6,41.8,1.10104
D,flow,G,13,21.8,0.99226
D,flow,N,16.1,43.2,1.03516
D,flow,A,14.6,31.4,1.00895
D,flow,J,14.2,41.5,1.44938
D,flow,N,15.4,34.8,0.95283
D,flow,O,16.6,49.2,1.07558
D,flow,E,14.8,34.2,1.05497
D,flow,K,17,50.9,1.03603
D,flow,E,14.4,31.4,1.05158
D,flow,P,16.1,43.7,1.04714
D,flow,N,16.1,42.2,1.01119
D,flow,P,16,41.9,1.02295
D,flow,N,17.6,56.3,1.03269
D,flow,P,14.3,28.3,0.96778
D,flow,H,16,44.6,1.08887
D,flow,E,15,34.5,1.02222
D,flow,P,14.8,35.1,1.08273
D,flow,D,17.3,56,1.08156
D,flow,L,17.1,55.2,1.10395
D,flow,E,15.2,35.8,1.01942
D,flow,L,15.2,33.9,0.96531
D,flow,K,15.7,42.3,1.09305
D,flow,D,16,39.4,0.96191
D,flow,M,16.6,47.7,1.04278
D,flow,A,14.3,29,0.99172
D,flow,K,15.8,46,1.16624
D,flow,O,16.8,55.8,1.17681
D,flow,O,15.9,40.5,1.00754
D,flow,A,10.3,11.4,1.04326
D,flow,N,15.2,35.5,1.01088
D,flow,I,16.2,44.8,1.05374
D,flow,O,16.7,48.5,1.04134
D,flow,K,16.7,53,1.13796
D,flow,A,15.4,36.6,1.00212
D,flow,P,15.9,42.6,1.05979
D,flow,A,16,41.1,1.00342
D,flow,E,13.4,24.3,1.00993
D,flow,M,16.8,48.8,1.02918
D,flow,N,17.5,53.5,0.99825
D,flow,M,17,49.5,1.00753
D,flow,P,14.1,29,1.03452
D,flow,I,13,25.4,1.15612
D,flow,N,15.7,41,1.05946
D,flow,N,14.5,31.5,1.03325
D,flow,D,10.1,10.6,1.02883
D,flow,G,15.3,35.5,0.99118
D,flow,P,16.3,45.5,1.05063
D,flow,O,14.7,32.5,1.02313
D,flow,I,14.9,35.2,1.0641
D,flow,I,14,26.5,0.96574
D,flow,F,15.5,37.1,0.99627
D,flow,F,14.8,34.1,1.05189
D,flow,I,15.2,35.1,0.99949
D,flow,H,16.5,48.9,1.08857
D,flow,D,15,33.4,0.98963
D,flow,O,16.6,49,1.0712
D,flow,P,16.1,44.1,1.05672
D,flow,O,14.8,33.8,1.04263
D,flow,E,15.6,38.6,1.01675
D,flow,J,14,28.4,1.03499
D,flow,F,15.1,36.4,1.05723
D,flow,A,16.5,45.6,1.01511
D,flow,E,15.1,33.9,0.98462
D,flow,K,15,36,1.06667
D,flow,O,15.4,39.3,1.07604
D,flow,E,13.8,27.5,1.04639
D,flow,G,17.2,51.2,1.0062
D,flow,H,15.4,37.1,1.01581
D,flow,P,15.7,37.5,0.96902
D,flow,G,16.3,44,1.01599
D,flow,L,14.2,28.8,1.00584
D,flow,K,17,50.5,1.02789
D,flow,K,15.8,42.2,1.0699
D,flow,K,16.3,47,1.08526
D,flow,C,14.3,30.8,1.05328
D,flow,J,14.5,34.9,1.14478
D,flow,H,16.1,46,1.10225
D,flow,D,14.5,30.3,0.99389
D,flow,M,15.7,38.9,1.0052
D,flow,I,17.3,55.7,1.07576
D,flow,E,17,52,1.05842
D,flow,E,15.7,40.1,1.0362
D,flow,C,15.1,37.2,1.08047
D,flow,E,14.7,31.4,0.9885
D,flow,C,12,18.5,1.0706
D,flow,D,15.4,36.5,0.99938
D,flow,N,16,36.7,0.896
D,flow,F,13,23.5,1.06964
D,flow,N,16,41.1,1.00342
D,flow,H,17,56.7,1.15408
D,flow,D,16.3,43.6,1.00675
D,flow,M,15.2,37.2,1.05928
D,flow,E,15.7,37.2,0.96127
D,flow,L,16,42.3,1.03271
D,flow,E,14.4,31.1,1.04153
D,flow,E,15.5,37.2,0.99896
D,flow,P,15.3,35.4,0.98839
D,flow,H,16.4,46.6,1.05646
D,flow,K,15.3,43.3,1.20896
D,flow,G,11.6,15.8,1.01224
D,flow,O,17,53.1,1.08081
D,flow,H,15.3,41.6,1.1615
D,flow,O,17.2,55,1.08088
D,flow,H,15.8,40.6,1.02933
D,flow,N,14.5,29.9,0.98077
D,flow,K,16.9,53.8,1.11461
D,flow,J,10.6,13.4,1.12509
D,flow,F,12.9,21.9,1.02018
D,flow,A,16.4,45.1,1.02246
D,flow,C,15.8,40.4,1.02426
D,flow,C,15.7,39.5,1.0207
D,flow,C,15.6,40.4,1.06416
D,flow,K,16.8,49,1.0334
D,flow,G,14.6,36.4,1.16961
D,flow,F,13,24.2,1.1015
D,flow,C,16.1,38.2,0.91535
D,flow,I,16.3,45.3,1.04601
D,flow,K,16.8,51,1.07558
D,flow,I,15.8,42.7,1.08257
D,flow,H,15.3,36,1.00514
D,flow,F,13.5,26.3,1.06894
D,flow,P,15.8,38.7,0.98116
D,flow,O,16.7,47.8,1.02631
D,flow,F,15.5,42.2,1.13323
D,flow,A,16.3,42.3,0.97674
D,flow,N,15.6,40.5,1.0668
D,flow,H,17.5,56,1.0449
D,flow,G,15.9,39.8,0.99013
D,flow,K,16,43.3,1.05713
D,flow,L,17.2,53.2,1.04551
D,flow,H,17.8,61.4,1.0887
D,flow,D,15.7,41,1.05946
D,flow,H,18,66.1,1.1334
D,flow,K,16.2,45.5,1.0702
D,flow,E,16.4,44.6,1.01112
D,flow,C,16.2,47.9,1.12665
D,flow,H,15.8,42.3,1.07243
E,f.control,J,15.1,35.1,1.01947
E,f.control,A,15.8,41.5,1.05215
E,f.control,M,14.7,31.9,1.00424
E,f.control,P,14.2,30.5,1.06521
E,f.control,E,9.5,9,1.04972
E,f.control,L,16.2,42.7,1.00434
E,f.control,G,14.9,33.3,1.00667
E,f.control,C,17.4,55.9,1.06112
E,f.control,K,14.3,30.7,1.04986
E,f.control,N,13.5,23.2,0.94295
E,f.control,N,15.4,36.3,0.9939
E,f.control,L,15.7,35.9,0.92767
E,f.control,F,14.3,31.2,1.06696
E,f.control,P,14.5,32.3,1.05949
E,f.control,P,14.1,27.2,0.97031
E,f.control,E,13.8,24.1,0.91702
E,f.control,K,15.6,42,1.10631
E,f.control,F,13.7,25.2,0.98003
E,f.control,J,10,11.3,1.13
E,f.control,K,16.1,45.9,1.09985
E,f.control,H,15,35.6,1.05481
E,f.control,C,15.5,40.1,1.07684
E,f.control,F,15.2,38.4,1.09345
E,f.control,H,15.4,39.4,1.07878
E,f.control,D,17.7,55.1,0.99365
E,f.control,K,15.4,41.1,1.12533
E,f.control,D,14.3,26.7,0.91307
E,f.control,O,14.8,35.1,1.08273
E,f.control,F,13.3,25.8,1.09664
E,f.control,F,15.4,38.5,1.05414
E,f.control,F,15.4,41.6,1.13902
E,f.control,P,15.1,34.7,1.00786
E,f.control,C,10.2,11.4,1.07425
E,f.control,J,14.5,30.8,1.01029
E,f.control,F,10.3,13.8,1.2629
E,f.control,C,17.3,54.8,1.05838
E,f.control,L,17.1,49.5,0.98996
E,f.control,P,14.9,34.6,1.04597
E,f.control,E,16,39.2,0.95703
E,f.control,H,14.5,32.8,1.07589
E,f.control,A,15.4,27.5,0.75296
E,f.control,I,15.3,37.9,1.05819
E,f.control,E,12.8,21,1.00136
E,f.control,F,13.5,24.9,1.01204
E,f.control,G,16.3,43.1,0.99521
E,f.control,K,15.3,36.2,1.01073
E,f.control,K,15.6,41,1.07997
E,f.control,E,14.7,32.6,1.02628
E,f.control,L,15.3,36.7,1.02469
E,f.control,H,16.7,49.8,1.06925
E,f.control,L,11.6,16,1.02505
E,f.control,D,14.3,29.9,1.0225
E,f.control,P,15.5,38,1.02044
E,f.control,G,15.2,35.8,1.01942
E,f.control,K,16.9,48.8,1.01102
E,f.control,D,15.1,32.4,0.94105
E,f.control,M,14.6,30.1,0.96718
E,f.control,P,11.9,16.9,1.00287
E,f.control,D,10.6,11.3,0.94877
E,f.control,O,14.4,32.3,1.08172
E,f.control,L,14.6,30.1,0.96718
E,f.control,P,14.6,32,1.02823
E,f.control,J,13,23.2,1.05599
E,f.control,M,14.7,34.7,1.09239
E,f.control,O,16.1,42.5,1.01838
E,f.control,L,14.6,31.8,1.02181
E,f.control,N,9.3,10.8,1.34269
E,f.control,C,14.5,32.4,1.06277
E,f.control,P,14.2,28.4,0.99187
E,f.control,F,15.4,27.6,0.7557
E,f.control,L,16.7,47.4,1.01772
E,f.control,E,15,36.6,1.08444
E,f.control,L,12.4,19.1,1.00177
E,f.control,D,16.6,45.8,1.00125
E,f.control,N,15,34.4,1.01926
E,f.control,O,14.6,30.1,0.96718
E,f.control,G,15.7,37.8,0.97677
E,f.control,H,16.8,49.2,1.03762
E,f.control,E,15.4,39.1,1.07057
E,f.control,D,16.6,47.3,1.03404
E,f.control,F,14.2,29,1.01282
E,f.control,F,15.6,39.2,1.03255
E,f.control,K,15.8,42.2,1.0699
E,f.control,G,16.9,47.6,0.98616
E,f.control,M,12.5,19.5,0.9984
E,f.control,O,15.8,40.3,1.02172
E,f.control,E,15,22.8,0.67556
E,f.control,O,16.3,46.4,1.07141
E,f.control,C,15.5,39,1.0473
E,f.control,G,15.2,33.3,0.94823
E,f.control,O,15.8,42,1.06482
E,f.control,H,15.9,14.6,0.36321
E,f.control,F,14.4,33.3,1.11521
E,f.control,G,16.7,45.3,0.97263
E,f.control,D,11.5,14.9,0.9797
E,f.control,E,15.5,38.2,1.02581
E,f.control,J,12.7,24.9,1.21559
E,f.control,M,16.9,49,1.01516
E,f.control,P,16.4,43.4,0.98392
E,f.control,M,16.4,44.8,1.01566
E,f.control,A,15.7,40.3,1.04137
E,f.control,I,15,35.6,1.05481
E,f.control,I,13.2,22.2,0.96523
E,f.control,I,17.4,51.5,0.9776
E,f.control,C,15.7,39.9,1.03104
E,f.control,K,16.1,46.5,1.11423
E,f.control,K,16.3,44.1,1.0183
E,f.control,J,12.4,19.8,1.03848
E,f.control,G,17.5,57,1.06356
E,f.control,F,14,28.5,1.03863
E,f.control,A,16.5,46.1,1.02624
E,f.control,P,16.1,42.4,1.01599
E,f.control,M,15.9,41.2,1.02496
E,f.control,F,11.5,16.4,1.07833
E,f.control,M,16.9,51.6,1.06903
E,f.control,E,15,34.9,1.03407
E,f.control,I,16.3,45.3,1.04601
E,f.control,I,15.6,39.3,1.03519
E,f.control,K,15.7,39,1.00778
E,f.control,D,15.7,30,0.77522
E,f.control,L,15.7,35.9,0.92767
E,f.control,C,15.8,39.9,1.01158
E,f.control,A,14.9,34.4,1.03992
E,f.control,C,13.4,24.1,1.00162
E,f.control,I,14.9,32.2,0.97341
E,f.control,P,14,29.3,1.06778
E,f.control,L,14.2,28.5,0.99536
E,f.control,H,16.4,50.6,1.14715
E,f.control,P,14.6,34.1,1.09571
E,f.control,A,9.6,9.8,1.10768
E,f.control,K,16.4,44.9,1.01792
E,f.control,F,12,22,1.27315
E,f.control,C,15.1,37.2,1.08047
E,f.control,K,16,44,1.07422
E,f.control,J,14.4,31.7,1.06163
E,f.control,K,16.3,45.5,1.05063
E,f.control,D,14.3,28.2,0.96436
E,f.control,K,16.3,46.6,1.07603
E,f.control,F,14.1,30.3,1.0809
E,f.control,J,14.7,34.2,1.07665
E,f.control,J,14.7,33.8,1.06406
E,f.control,P,14.8,32.1,0.99019
E,f.control,L,13.5,24.6,0.99985
E,f.control,C,16.3,46.7,1.07834
E,f.control,E,14.8,33.4,1.03029
E,f.control,D,15.4,36,0.98569
E,f.control,D,16.5,46.9,1.04405
E,f.control,H,12.9,23.3,1.08539
E,f.control,N,14,26.6,0.96939
E,f.control,N,14,28.4,1.03499
E,f.control,I,16.6,25.7,0.56184
E,f.control,L,15.8,39.4,0.99891
E,f.control,O,13.6,28.9,1.1489
E,f.control,K,16.2,45,1.05844
E,f.control,I,16.6,51.4,1.12367
E,f.control,N,14.9,32.1,0.97039
E,f.control,K,15.4,39.1,1.07057
E,f.control,D,16.5,42.6,0.94833
E,f.control,I,14.6,32,1.02823
E,f.control,D,14.3,29,0.99172
E,f.control,C,14,31.3,1.14067
E,f.control,P,14.5,30.5,1.00045
E,f.control,A,15.5,38.6,1.03655
E,f.control,H,15.9,44.2,1.09959
E,f.control,D,14.9,29.8,0.90086
E,f.control,D,15.5,36.1,0.96942
E,f.control,D,14.6,31.5,1.01217
E,f.control,D,13.9,27.8,1.03514
E,f.control,D,13.4,23.4,0.97253
E,f.control,F,15.2,35.3,1.00518
E,f.control,N,15.2,34.7,0.9881
E,f.control,L,17.3,51.3,0.99078
E,f.control,P,14.1,28.6,1.02025
E,f.control,L,15.9,40.5,1.00754
E,f.control,I,15.7,40.7,1.05171
E,f.control,C,16,41.5,1.01318
E,f.control,L,16.4,45,1.02019
E,f.control,P,9.5,9,1.04972
E,f.control,K,16.5,46.9,1.04405
E,f.control,D,16.5,44.5,0.99062
E,f.control,O,14.5,32.7,1.07261
E,f.control,P,16.2,43.1,1.01375
E,f.control,H,14.6,34,1.0925
E,f.control,F,13.6,27.8,1.10517
E,f.control,H,16.6,47.2,1.03185
E,f.control,P,16,42,1.02539
E,f.control,N,16.1,41.6,0.99682
E,f.control,P,14,27,0.98397
E,f.control,G,15.1,34.9,1.01367
E,f.control,A,15.4,39.9,1.09247
E,f.control,C,14.6,30.6,0.98325
E,f.control,G,15.7,38.7,1.00003
E,f.control,I,15.4,37.7,1.03224
E,f.control,I,12.9,21.9,1.02018
E,f.control,H,15.9,43.4,1.07969
E,f.control,I,15.8,40.6,1.02933
E,f.control,K,16.9,50.4,1.04417
E,f.control,G,11.3,13.4,0.92869
E,f.control,I,15.3,36.1,1.00794
E,f.control,O,15.2,37.6,1.07067
E,f.control,I,15.8,38.5,0.97609
E,f.control,A,15.6,33.6,0.88505
E,f.control,D,15.7,36,0.93026
E,f.control,P,16,40.9,0.99854
E,f.control,O,14.4,29.1,0.97455
E,f.control,N,15,32.1,0.95111
E,f.control,J,15,35.1,1.04
E,f.control,H,15.6,40.1,1.05626
E,f.control,K,16.3,44,1.01599
E,f.control,D,13.8,24.4,0.92844
E,f.control,N,16.1,40.3,0.96567
E,f.control,K,16.6,48.8,1.06683
E,f.control,I,14.6,30.6,0.98325
E,f.control,H,16,41.5,1.01318
E,f.control,N,14.4,29.2,0.9779
E,f.control,I,14.6,30.1,0.96718
E,f.control,D,15.8,40.1,1.01665
E,f.control,E,9.8,10.2,1.08373
E,f.control,P,14.8,31.5,0.97168
E,f.control,N,17.2,53,1.04157
E,f.control,E,15,34.6,1.02519
E,f.control,A,14.4,47.9,1.60416
E,f.control,I,16.3,42.5,0.98135
E,f.control,L,13.8,26.4,1.00454
E,f.control,O,14.4,29.2,0.9779
E,f.control,I,15.6,36.9,0.97197
E,f.control,C,15.6,40.1,1.05626
E,f.control,H,15.3,36.5,1.0191
E,f.control,D,16.1,39.5,0.9465
E,f.control,O,15.2,33,0.93969
E,f.control,C,14.6,32.1,1.03145
E,f.control,O,14.9,33,0.9976
E,f.control,N,15,30.4,0.90074
E,f.control,N,16.8,44.2,0.93217
E,f.control,N,15.5,37.7,1.01239
E,f.control,F,14.9,32.3,0.97644
E,f.control,K,16.5,47,1.04628
E,f.control,N,15,32.2,0.95407
E,f.control,H,14.6,42.3,1.3592
E,f.control,G,14.2,28.4,0.99187
E,f.control,D,14.8,33,1.01796
E,f.control,A,12.6,19.7,0.98481
E,f.control,C,15.3,39,1.08891
E,f.control,I,16.8,48.8,1.02918
E,f.control,N,15.4,35.6,0.97474
E,f.control,H,16.6,47.1,1.02967
E,f.control,D,15.7,38.5,0.99486
E,f.control,H,16.4,44.1,0.99979
E,f.control,H,16.3,44.3,1.02292
E,f.control,F,15.9,44.2,1.09959
E,f.control,A,15.3,32.4,0.90463
E,f.control,D,15.3,35.5,0.99118
E,f.control,D,15.5,38,1.02044
E,f.control,E,14.4,30.1,1.00804
E,f.control,D,14.8,31.8,0.98094
E,f.control,F,14.6,34.5,1.10856
E,f.control,H,16.8,52,1.09667
E,f.control,J,15.7,39.3,1.01553
E,f.control,K,16.2,45.4,1.06785
E,f.control,F,14.1,29.5,1.05236
E,f.control,H,16.5,43.9,0.97727
E,f.control,N,16,39,0.95215
E,f.control,O,15.8,38.4,0.97355
E,f.control,E,14,28.1,1.02405
E,f.control,D,9.9,10.2,1.05122
E,f.control,G,17,47.5,0.96682
E,f.control,I,14.3,29.9,1.0225
E,f.control,O,14.6,33.9,1.08928
E,f.control,O,14.8,33.7,1.03955
E,f.control,L,15.3,34.4,0.96047
E,f.control,L,15.3,34.3,0.95768
E,f.control,K,17,52.7,1.07266
E,f.control,N,14.8,32.1,0.99019
E,f.control,I,15.9,43.6,1.08466
E,f.control,C,14,30,1.09329
E,f.control,P,15.7,38.1,0.98452
E,f.control,K,16.2,47,1.10548
E,f.control,H,16,45.3,1.10596
E,f.control,A,16.5,42.2,0.93942
E,f.control,E,14.7,30.3,0.95387
E,f.control,A,16.4,44.2,1.00205
E,f.control,N,16.8,44.8,0.94482
E,f.control,O,15.5,38.7,1.03924
E,f.control,O,16,41.8,1.02051
E,f.control,M,15.9,41.4,1.02993
E,f.control,K,16.8,46,0.97013
E,f.control,N,15.3,36.3,1.01352
E,f.control,D,16.6,47.6,1.0406
E,f.control,F,16.5,48.6,1.08189
E,f.control,E,10,10.5,1.05
E,f.control,K,16.1,42.6,1.02078
E,f.control,I,16.3,43.5,1.00445
E,f.control,L,15.9,40.9,1.01749
E,f.control,D,16.5,42.5,0.9461
E,f.control,P,15.3,35.7,0.99677
E,f.control,M,16.8,44.3,0.93428
E,f.control,A,12.2,19.8,1.0904
E,f.control,D,16,41.3,1.0083
E,f.control,K,16.8,52,1.09667
E,f.control,P,13.8,25.9,0.98551
E,f.control,K,16.3,43.5,1.00445
E,f.control,D,8,4.3,0.83984
E,f.control,I,15.8,37.5,0.95074
E,f.control,O,15.2,36.6,1.0422
E,f.control,H,16.2,43.3,1.01846
E,f.control,I,16.4,45.9,1.04059
E,f.control,H,17.2,58.2,1.14377
E,f.control,H,14.8,33.6,1.03646
E,f.control,O,15.3,36.5,1.0191
E,f.control,G,15.9,37.5,0.93291
E,f.control,H,15.9,42.4,1.05481
E,f.control,N,14.6,30.7,0.98646
E,f.control,K,17.4,42.2,0.80106
E,f.control,K,17,52.2,1.06249
E,f.control,C,15.8,37.8,0.95834
E,f.control,O,15.3,35.8,0.99956
E,f.control,L,15.3,35.3,0.9856
E,f.control,L,16,38.6,0.94238
E,f.control,N,16.3,38.7,0.89361
E,f.control,N,16.8,46.8,0.987
E,f.control,H,15.4,37.1,1.01581
E,f.control,O,15.6,38.2,1.00621
E,f.control,O,16.9,47.3,0.97994
E,f.control,H,16.7,46.9,1.00699
E,f.control,A,11.6,16.3,1.04427
E,f.control,G,14.5,30.8,1.01029
E,f.control,K,16.1,43.9,1.05193
E,f.control,L,16.1,40.7,0.97525
E,f.control,N,15.1,33,0.95848
E,f.control,O,14.4,33,1.10516
E,f.control,A,14.6,29.1,0.93505
E,f.control,N,16,40.8,0.99609
E,f.control,H,17.1,42.7,0.85396
E,f.control,N,15.5,38,1.02044
E,f.control,K,15.3,36.9,1.03027
E,f.control,N,17.1,48.4,0.96796
E,f.control,A,15.1,34,0.98752
E,f.control,C,15.7,37.9,0.97936
E,f.control,M,15.2,32.4,0.9226
E,f.control,M,15.5,35,0.93988
E,f.control,I,16.4,45.6,1.03379
E,f.control,H,14.7,32.6,1.02628
E,f.control,K,16.9,52.6,1.08975
E,f.control,L,14.6,31.5,1.01217
E,f.control,P,13.3,24.5,1.04138
E,f.control,J,15,35.4,1.04889
E,f.control,I,14.8,32.8,1.01179
E,f.control,A,14.6,31.7,1.01859
E,f.control,G,16.9,44.7,0.92608
E,f.control,O,14.3,29.6,1.01224
E,f.control,D,13,21.5,0.97861
E,f.control,J,15.2,37.6,1.07067
E,f.control,H,15.5,39.5,1.06072
E,f.control,N,15.4,36.6,1.00212
E,f.control,I,15.4,35,0.95831
E,f.control,P,14,34.1,1.24271
E,f.control,L,15.6,39.5,1.04045
E,f.control,N,17.3,49.8,0.96181
E,f.control,F,14,28.6,1.04227
E,f.control,A,15.2,34.1,0.97101
E,f.control,H,16,42.2,1.03027
E,f.control,D,15.4,35.3,0.96652
E,f.control,N,16.5,45.5,1.01288
E,f.control,K,16.4,46.7,1.05873
E,f.control,A,16.1,40.3,0.96567
E,f.control,G,15.3,35.3,0.9856
E,f.control,J,16.1,42.3,1.01359
E,f.control,D,15.8,39.2,0.99384
E,f.control,F,14.8,37.6,1.15985
E,f.control,E,13.6,25.8,1.02566
E,f.control,I,14.1,29.6,1.05593
E,f.control,O,15.7,39.9,1.03104
E,f.control,G,18,58.1,0.99623
E,f.control,L,15.8,40.1,1.01665
E,f.control,O,15.2,34.9,0.99379
E,f.control,M,14.3,26.7,0.91307
E,f.control,L,15.6,39.5,1.04045
E,f.control,G,16.3,41.6,0.96057
E,f.control,O,14.5,30.3,0.99389
E,f.control,N,15.7,38.4,0.99228
E,f.control,A,12.5,19.7,1.00864
E,f.control,P,15.2,37.7,1.07352
E,f.control,C,15.4,39.6,1.08426
E,f.control,K,15.9,42.1,1.04735
E,f.control,E,8.9,6.6,0.93621
E,f.control,F,14.4,32.5,1.08842
E,f.control,E,16,39.7,0.96924
E,f.control,L,15,32.2,0.95407
E,f.control,D,15.1,36.9,1.07176
E,f.control,H,14.3,24.6,0.84125
E,f.control,O,14.8,35,1.07965
E,f.control,A,13.5,23.6,0.9592
E,f.control,I,15.8,43.6,1.10539
E,f.control,G,13.3,23.3,0.99038
F,flow,F,13.9,29.1,1.08355
F,flow,F,15.7,39.7,1.02587
F,flow,C,15.3,38,1.06099
F,flow,P,13.5,23.8,0.96733
F,flow,L,17.5,53.1,0.99079
F,flow,N,14.8,32.4,0.99945
F,flow,A,14.3,27.2,0.93017
F,flow,J,15.2,37.1,1.05644
F,flow,I,15.3,37.8,1.0554
F,flow,N,16.2,41.6,0.97847
F,flow,F,8.2,8.3,1.50535
F,flow,H,16.6,53.1,1.16083
F,flow,C,14.7,31.8,1.00109
F,flow,E,15.2,35.1,0.99949
F,flow,N,13.5,23.8,0.96733
F,flow,H,16.3,43.8,1.01137
F,flow,I,15.4,35.9,0.98295
F,flow,K,17.6,59.2,1.08588
F,flow,C,12.3,19,1.02103
F,flow,H,15.4,40.7,1.11438
F,flow,K,18.6,71.9,1.11735
F,flow,I,14.8,33.1,1.02104
F,flow,E,13.8,26.8,1.01976
F,flow,O,15.8,40.1,1.01665
F,flow,F,14.5,32.6,1.06933
F,flow,C,14.4,31.4,1.05158
F,flow,D,15.3,33.3,0.92976
F,flow,G,16.8,47.1,0.99333
F,flow,P,15.5,36.1,0.96942
F,flow,D,14,26.5,0.96574
F,flow,P,14.9,35,1.05806
F,flow,H,16.9,50.7,1.05038
F,flow,I,16.3,44,1.01599
F,flow,P,16.4,44.4,1.00659
F,flow,E,15,33.9,1.00444
F,flow,G,14.6,30.1,0.96718
F,flow,N,16,41.5,1.01318
F,flow,I,16,43.2,1.05469
F,flow,L,15.8,40.1,1.01665
F,flow,G,17.3,52,1.0043
F,flow,J,12.9,21.4,0.99688
F,flow,L,15.3,34.8,0.97164
F,flow,N,15,34.3,1.0163
F,flow,L,10.7,13.2,1.07751
F,flow,N,15.2,35.4,1.00803
F,flow,E,15.2,35.5,1.01088
F,flow,J,12.9,22.9,1.06676
F,flow,L,15.1,35,1.01657
F,flow,I,16.2,42,0.98788
F,flow,F,14.1,28.7,1.02382
F,flow,L,15.7,38.9,1.0052
F,flow,H,16.6,49.6,1.08432
F,flow,J,14.8,37.5,1.15677
F,flow,F,13.5,25.1,1.02017
F,flow,E,14.1,27.6,0.98458
F,flow,G,16.2,44.8,1.05374
F,flow,P,17,52,1.05842
F,flow,N,16.9,51.9,1.07524
F,flow,F,13.7,27.4,1.06559
F,flow,J,15,36.6,1.08444
F,flow,C,14.3,30.9,1.0567
F,flow,H,15.5,39.8,1.06878
F,flow,K,17.3,51.9,1.00237
F,flow,J,13.8,28.1,1.06922
F,flow,J,15.9,42.6,1.05979
F,flow,I,15.5,38.8,1.04193
F,flow,J,12.4,19.5,1.02275
F,flow,N,17,49.4,1.0055
F,flow,K,16,44.4,1.08398
F,flow,L,16.4,43.8,0.99298
F,flow,C,15.8,40.1,1.01665
F,flow,J,9.8,10.3,1.09436
F,flow,A,14.7,30.5,0.96017
F,flow,G,16.3,42.7,0.98597
F,flow,K,16.6,49.8,1.08869
F,flow,J,14.7,36.6,1.1522
F,flow,O,16.4,44.9,1.01792
F,flow,L,16.8,48.1,1.01442
F,flow,L,16.9,50.1,1.03795
F,flow,A,15.9,40,0.9951
F,flow,A,14.5,30.1,0.98733
F,flow,F,15.6,40.7,1.07206
F,flow,N,15.5,36.5,0.98016
F,flow,N,18.6,63.9,0.99303
F,flow,P,15.8,41.7,1.05722
F,flow,F,15.6,41.6,1.09577
F,flow,N,17.5,52.4,0.97773
F,flow,P,15.6,38.3,1.00885
F,flow,J,14,28.8,1.04956
F,flow,H,15,41.8,1.23852
F,flow,D,18.1,58,0.97812
F,flow,K,16.2,42.7,1.00434
F,flow,L,14.8,33.3,1.02721
F,flow,L,15.5,36.1,0.96942
F,flow,M,17.4,55.8,1.05922
F,flow,C,15,35.7,1.05778
F,flow,I,14.4,30.5,1.02144
F,flow,M,17.6,57.6,1.05654
F,flow,M,16.9,50.4,1.04417
F,flow,O,15.5,58.3,1.56557
F,flow,E,15,33.8,1.00148
F,flow,K,16.6,49.3,1.07776
F,flow,M,15.1,35.3,1.02528
F,flow,O,15.6,38,1.00094
F,flow,I,17.9,57.9,1.00953
F,flow,K,16.6,42.6,0.93129
F,flow,F,14.4,32.5,1.08842
F,flow,D,13.5,27.9,1.13397
F,flow,P,16.8,51.1,1.07769
F,flow,I,15,34.5,1.02222
F,flow,F,14.4,30.4,1.01809
F,flow,F,13.8,27.6,1.0502
F,flow,P,14.7,30.2,0.95073
F,flow,K,16.2,49.6,1.16664
F,flow,K,16.2,49.1,1.15488
F,flow,N,16.3,42.6,0.98366
F,flow,L,15.5,37.2,0.99896
F,flow,D,12.7,21.2,1.03496
F,flow,G,16.5,47.3,1.05295
F,flow,F,14.6,34.2,1.09892
F,flow,J,11.6,17.4,1.11474
F,flow,P,15.3,35.8,0.99956
F,flow,O,17.5,59,1.10087
F,flow,O,15.3,35.5,0.99118
F,flow,F,14.7,32.2,1.01369
F,flow,G,15.6,38.2,1.00621
F,flow,M,15.4,37.1,1.01581
F,flow,O,15.3,36.1,1.00794
F,flow,K,15.2,39,1.11054
F,flow,A,13,23.4,1.06509
F,flow,A,11.9,18,1.06815
F,flow,D,8.5,5.9,0.96072
F,flow,I,16.2,43.4,1.02081
F,flow,M,16.5,46.1,1.02624
F,flow,L,17,49.2,1.00142
F,flow,I,16.2,45.5,1.0702
F,flow,P,14.6,33.5,1.07643
F,flow,I,15,34.7,1.02815
F,flow,H,16.8,50.7,1.06925
F,flow,N,16,40.5,0.98877
F,flow,D,15.1,33.3,0.96719
F,flow,C,14.8,35,1.07965
F,flow,F,13.7,27.4,1.06559
F,flow,D,16.5,44.6,0.99285
F,flow,F,14.4,30.8,1.03149
F,flow,F,15.5,43.1,1.1574
F,flow,O,15.2,36.6,1.0422
F,flow,E,15,34.6,1.02519
F,flow,N,16.7,46.6,1.00054
F,flow,L,15.5,38.3,1.0285
F,flow,C,14.5,32.5,1.06605
F,flow,L,17,46.8,0.95257
F,flow,H,17.4,53,1.00607
F,flow,L,16.1,44.2,1.05912
F,flow,C,13.5,31,1.25997
F,flow,J,17,50.1,1.01974
F,flow,D,15.3,34.9,0.97443
F,flow,F,12.3,19.9,1.06939
F,flow,G,15.5,37.9,1.01776
F,flow,D,15.5,37.2,0.99896
F,flow,O,15.6,40.2,1.05889
F,flow,O,16,43.8,1.06934
F,flow,A,16.3,44.5,1.02754
F,flow,E,14.5,31.7,1.03981
F,flow,C,14.1,30.6,1.0916
F,flow,M,17.5,56.8,1.05983
F,flow,D,17.5,50.5,0.94227
F,flow,K,14.2,31.5,1.10013
F,flow,E,16.4,43.6,0.98845
F,flow,D,14.9,33.4,1.00969
F,flow,L,16.3,42.3,0.97674
F,flow,I,14.9,34.5,1.04294
F,flow,E,12.6,20.3,1.01481
F,flow,O,16.2,44.3,1.04198
F,flow,K,16.5,45.3,1.00843
F,flow,E,15.5,38.1,1.02313
F,flow,K,16.5,48.9,1.08857
F,flow,O,15.5,37.6,1.0097
F,flow,N,17.5,54.2,1.01131
F,flow,H,18.3,65.6,1.07041
F,flow,O,15.4,36.9,1.01033
F,flow,I,16.9,49.2,1.01931
F,flow,P,15.4,38.9,1.06509
F,flow,N,16.3,46.4,1.07141
F,flow,P,15.4,35,0.95831
F,flow,I,16.5,48.3,1.07521
F,flow,I,15.5,36.1,0.96942
F,flow,F,15.4,39.3,1.07604
F,flow,M,15.4,35.4,0.96926
F,flow,F,13,23.4,1.06509
F,flow,O,15.3,36.3,1.01352
F,flow,C,15.4,38.7,1.05962
F,flow,A,16.6,45.6,0.99687
F,flow,P,15.5,38,1.02044
F,flow,D,16.3,44.3,1.02292
F,flow,H,17.3,56.6,1.09315
F,flow,A,16.7,48.2,1.0349
F,flow,M,17.1,52.8,1.05596
F,flow,A,16.8,47.8,1.00809
F,flow,C,16.4,47.6,1.07913
F,flow,K,16.6,50.6,1.10618
F,flow,C,15.2,39,1.11054
F,flow,N,18,59.2,1.01509
F,flow,O,16,41.3,1.0083
F,flow,F,15,37,1.0963
F,flow,E,15.9,40.3,1.00257
F,flow,A,16.6,47.6,1.0406
F,flow,C,14.3,33.9,1.15929
F,flow,M,12.8,24,1.14441
F,flow,L,15.8,39.3,0.99637
F,flow,F,14.7,34.3,1.0798
F,flow,G,16,39.4,0.96191
F,flow,D,14.2,27.9,0.9744
F,flow,E,14.6,31.9,1.02502
F,flow,I,15.2,34.9,0.99379
F,flow,I,15.9,40.2,1.00008
F,flow,H,15.2,37,1.05359
F,flow,A,14.2,27.2,0.94996
F,flow,L,17.9,57.6,1.0043
F,flow,J,13.2,24.5,1.06523
F,flow,P,15.2,35.6,1.01372
F,flow,P,14.6,33.3,1.07
F,flow,A,15.1,35.2,1.02238
F,flow,I,15.5,37.9,1.01776
F,flow,D,16.5,45.6,1.01511
F,flow,L,14.9,37.4,1.13061
F,flow,K,17.1,56,1.11995
F,flow,J,15,35.1,1.04
F,flow,G,16.2,42.7,1.00434
F,flow,A,14.3,29.7,1.01566
F,flow,H,16.5,45.1,1.00398
F,flow,E,16.8,48,1.01231
F,flow,K,15,35.6,1.05481
F,flow,D,16.3,42.5,0.98135
F,flow,K,16.6,52,1.13679
F,flow,H,17.6,63.8,1.17026
F,flow,I,15.1,35,1.01657
F,flow,F,13.5,27.2,1.10552
F,flow,O,14.1,28.5,1.01669
F,flow,L,16,42,1.02539
F,flow,N,16,42.9,1.04736
F,flow,N,16,41.1,1.00342
F,flow,M,16.8,50.4,1.06293
F,flow,O,16.3,45,1.03908
F,flow,N,15.1,34.3,0.99624
F,flow,J,16,45.3,1.10596
F,flow,G,17.5,52,0.97026
F,flow,C,13.7,27.4,1.06559
F,flow,I,16.8,48.1,1.01442
F,flow,N,17.7,47.6,0.85839
F,flow,E,14.8,35.2,1.08582
F,flow,D,17.5,54,1.00758
F,flow,G,16.6,44.4,0.97064
F,flow,M,16.7,45.7,0.98122
F,flow,O,15.3,35.6,0.99398
F,flow,P,18.2,63,1.04502
F,flow,C,14.6,35.5,1.1407
F,flow,C,15,35.5,1.05185
F,flow,L,17.1,50.6,1.01196
F,flow,E,15.1,35.5,1.03109
F,flow,K,14.4,30.2,1.01139
F,flow,I,16.8,51.5,1.08612
F,flow,L,15.8,40.4,1.02426
F,flow,D,15.3,36.8,1.02748
F,flow,J,15.1,39.1,1.13565
F,flow,G,15.4,37.3,1.02128
F,flow,L,15.9,39.7,0.98764
F,flow,E,16.5,47.8,1.06408
F,flow,F,15.3,39.3,1.09728
F,flow,G,13.6,23.8,0.94615
F,flow,C,14.3,31,1.06012
F,flow,F,13.4,25.8,1.07227
F,flow,M,17.3,54.4,1.05066
F,flow,K,17,53.5,1.08895
F,flow,A,12.6,20.9,1.0448
F,flow,K,16.4,50.6,1.14715
F,flow,O,15.8,41.8,1.05975
F,flow,D,17.4,51.2,0.9719
F,flow,K,17,54.1,1.10116
F,flow,M,15.6,40.7,1.07206
F,flow,J,12.7,22.6,1.10331
F,flow,M,16.6,46.9,1.02529
F,flow,P,15,33.4,0.98963
F,flow,L,16.6,47.8,1.04497
F,flow,L,15.2,37.1,1.05644
F,flow,I,14.8,33.9,1.04572
F,flow,N,17.8,56.3,0.99827
F,flow,P,14.6,32.1,1.03145
F,flow,P,16.5,47.5,1.05741
F,flow,J,12.6,21.3,1.0648
F,flow,M,16.3,44.3,1.02292
F,flow,D,16.4,45.6,1.03379
F,flow,O,15.1,35.4,1.02819
F,flow,A,14.5,31.9,1.04637
F,flow,C,15.1,38.8,1.12694
F,flow,O,15.9,41.2,1.02496
F,flow,O,15.4,37.3,1.02128
F,flow,P,15,33.7,0.99852
F,flow,M,17.9,60.4,1.05312
F,flow,M,16,40.2,0.98145
F,flow,G,18.4,63.9,1.02576
F,flow,K,17,52.5,1.06859
F,flow,F,14.4,31,1.03818
F,flow,P,14.5,31.8,1.04309
F,flow,C,13.5,26.8,1.08926
F,flow,N,15.4,37.5,1.02676
F,flow,E,16.4,43.7,0.99072
F,flow,D,16,42.1,1.02783
F,flow,F,13.5,26.1,1.06081
F,flow,L,17.5,52.9,0.98706
F,flow,C,17.2,53.1,1.04354
F,flow,I,14.5,31.6,1.03653
F,flow,E,13.7,27.8,1.08114
F,flow,O,15.4,36.9,1.01033
F,flow,N,16.8,49.7,1.04816
F,flow,D,16.1,44.6,1.0687
F,flow,F,13.4,24.8,1.03071
F,flow,G,16.4,44.4,1.00659
F,flow,H,16.4,46.1,1.04513
F,flow,O,14.5,33.5,1.09886
F,flow,E,17.1,51,1.01996
F,flow,N,17,50.3,1.02381
F,flow,A,15.6,40.5,1.0668
F,flow,A,17,49.3,1.00346
F,flow,O,17.9,61.9,1.07927
F,flow,O,17.4,55.2,1.04783
F,flow,J,9.9,11,1.13367
F,flow,K,16,43.3,1.05713
F,flow,J,15.1,37.8,1.0979
F,flow,I,15.3,37.8,1.0554
F,flow,I,15.1,36.1,1.04852
F,flow,H,16,44.8,1.09375
F,flow,D,17.1,51,1.01996
F,flow,D,15.8,38.6,0.97862
F,flow,O,15.3,37.6,1.04982
F,flow,F,11.4,14.7,0.99221
F,flow,H,15.9,43.3,1.0772
F,flow,C,15.3,36.9,1.03027
F,flow,O,16.1,41.2,0.98723
F,flow,K,14.5,35.2,1.15462
F,flow,K,16.5,47.5,1.05741
F,flow,H,18,61.5,1.05453
F,flow,H,17.4,54.9,1.04214
F,flow,E,15,33.1,0.98074
F,flow,A,15.2,37.9,1.07922
F,flow,H,15.4,38.3,1.04866
F,flow,L,14.8,32.4,0.99945
F,flow,H,18.5,66,1.04239
F,flow,E,14.1,27.5,0.98101
F,flow,K,17.5,57.3,1.06915
F,flow,L,17.1,52.7,1.05396
F,flow,O,16.2,44,1.03492
F,flow,O,15.9,40.8,1.01501
F,flow,L,17.4,50.4,0.95672
F,flow,H,16.4,46.7,1.05873
F,flow,N,16.4,44.7,1.01339
F,flow,E,14.5,31.4,1.02997
F,flow,K,16.5,47.1,1.0485
F,flow,E,16.6,43.8,0.95752
F,flow,E,15.2,36.7,1.04505
F,flow,F,15.9,40.8,1.01501
F,flow,P,17.3,53.1,1.02555
F,flow,C,11.4,16,1.07995
F,flow,P,11.2,14.3,1.01785
F,flow,J,11.2,14.6,1.0392
F,flow,F,11.6,16.6,1.06349
F,flow,N,16,40.5,0.98877
F,flow,P,14.8,33.9,1.04572
F,flow,O,15.3,38.7,1.08053
F,flow,D,9.3,7.6,0.94485
F,flow,N,16.3,45.5,1.05063
F,flow,E,14.7,32.4,1.01998
F,flow,E,13.6,25,0.99386
F,flow,O,15.4,37.8,1.03497
F,flow,N,15.5,40.2,1.07952
F,flow,I,15.3,38.4,1.07215
F,flow,C,16.6,49.6,1.08432
F,flow,L,16,40.4,0.98633
F,flow,D,15.5,37.4,1.00433
F,flow,H,16.3,45.8,1.05755
F,flow,H,16.9,52.2,1.08146
F,flow,C,16.2,45,1.05844
F,flow,A,15.7,38.9,1.0052
F,flow,I,14.5,31.3,1.02669
F,flow,N,16.6,47.1,1.02967
F,flow,H,16,42.1,1.02783
F,flow,P,16.1,42.6,1.02078
F,flow,M,16,43.1,1.05225
F,flow,P,15,34.6,1.02519
F,flow,C,14.1,30.5,1.08803
F,flow,N,16.8,45.3,0.95537
F,flow,O,17.3,55.7,1.07576
F,flow,M,17.3,51.8,1.00044
F,flow,M,16.5,47.3,1.05295
F,flow,E,15.9,41,1.01998
F,flow,K,14,29.3,1.06778
F,flow,H,16.6,49.2,1.07558
F,flow,I,13.4,24.6,1.0224
F,flow,P,14.7,31.5,0.99165
F,flow,O,16.6,46.1,1.00781
F,flow,P,17.5,56.9,1.06169
F,flow,O,14,26.5,0.96574
F,flow,P,16.4,44.8,1.01566
F,flow,E,13.4,23.8,0.98915
F,flow,P,14.9,34.3,1.0369
F,flow,M,18.2,64.9,1.07654
F,flow,M,15.5,39,1.0473
F,flow,D,15.7,40.5,1.04654
F,flow,A,15.8,39.4,0.99891
F,flow,N,16.5,48.4,1.07744
F,flow,N,16.1,42.9,1.02797
F,flow,M,18.3,65.3,1.06552
H,flow,K,16.1,40,0.95848
H,flow,A,16.6,49.7,1.08651
H,flow,I,16.1,43.9,1.05193
H,flow,N,14.8,33.1,1.02104
H,flow,I,16.3,44.6,1.02985
H,flow,O,15.2,35.8,1.01942
H,flow,N,16.6,50.6,1.10618
H,flow,O,15.9,43.2,1.07471
H,flow,C,16.3,45.6,1.05294
H,flow,N,15.6,37.3,0.98251
H,flow,H,17.9,58.3,1.0165
H,flow,K,16.6,50,1.09306
H,flow,E,14.6,30.5,0.98003
H,flow,L,15.9,40.8,1.01501
H,flow,E,16.3,44.9,1.03677
H,flow,E,15.4,36.6,1.00212
H,flow,H,16.4,44.2,1.00205
H,flow,C,13.3,24.8,1.05414
H,flow,D,16.8,43,0.90686
H,flow,D,17.7,49.1,0.88545
H,flow,G,17,48.8,0.99328
H,flow,N,16.3,46.1,1.06448
H,flow,H,16.8,48.8,1.02918
H,flow,O,17.4,53.2,1.00987
H,flow,K,15.4,38.5,1.05414
H,flow,D,15.7,38.9,1.0052
H,flow,E,10.8,13.8,1.09549
H,flow,K,12.9,22.9,1.06676
H,flow,N,17.9,56.2,0.97989
H,flow,N,16.6,44.5,0.97283
H,flow,P,15.9,38.9,0.96774
H,flow,O,17.1,49.2,0.98396
H,flow,C,16.4,44.7,1.01339
H,flow,E,16.2,41.8,0.98318
H,flow,K,16.5,51.2,1.13977
H,flow,N,17.9,53.2,0.92758
H,flow,E,16.8,46.7,0.98489
H,flow,D,16.5,46.2,1.02847
H,flow,G,16.2,43.4,1.02081
H,flow,I,17.5,53.9,1.00571
H,flow,K,16.3,43.7,1.00906
H,flow,P,17.2,53.5,1.0514
H,flow,H,17.3,56.1,1.08349
H,flow,D,14.4,29.4,0.9846
H,flow,O,15.7,40.8,1.05429
H,flow,J,15.8,42.3,1.07243
H,flow,A,14.5,29.3,0.96109
H,flow,N,18.1,61.6,1.03883
H,flow,D,15.6,35.7,0.94036
H,flow,C,13.7,26.5,1.03059
H,flow,F,14.5,31.8,1.04309
H,flow,N,17.8,57,1.01068
H,flow,P,13.5,25.9,1.05269
H,flow,J,15.8,44.1,1.11807
H,flow,C,16.1,45.7,1.09506
H,flow,F,14.5,32.3,1.05949
H,flow,G,17.3,51.9,1.00237
H,flow,A,11.9,17.4,1.03254
H,flow,G,14.4,30.2,1.01139
H,flow,L,15.9,41.6,1.03491
H,flow,C,17.2,57.2,1.12411
H,flow,C,13,22.5,1.02412
H,flow,I,16.1,44.1,1.05672
H,flow,K,16.5,47.4,1.05518
H,flow,N,15.8,39.8,1.00905
H,flow,N,16.5,56,1.24663
H,flow,H,17,55.8,1.13576
H,flow,J,16.5,46.4,1.03292
H,flow,N,15.5,36.3,0.97479
H,flow,F,14.4,30.5,1.02144
H,flow,L,17,51.8,1.05435
H,flow,G,17.4,49.5,0.93963
H,flow,F,15.5,39.3,1.05535
H,flow,K,18.5,73.7,1.164
H,flow,K,16.8,50.5,1.06503
H,flow,M,15.5,37.1,0.99627
H,flow,L,15.7,38,0.98194
H,flow,P,15.8,38.6,0.97862
H,flow,A,16,40.9,0.99854
H,flow,O,16.7,47.6,1.02202
H,flow,G,18.3,63.8,1.04104
H,flow,D,17.4,55.5,1.05353
H,flow,K,15.5,40.9,1.09832
H,flow,F,16.8,74.1,1.56275
H,flow,C,14,29.7,1.08236
H,flow,K,15.6,41.4,1.0905
H,flow,F,15.3,39.2,1.09449
H,flow,P,17.9,56.6,0.98686
H,flow,G,17.1,51.6,1.03196
H,flow,F,16.4,50.6,1.14715
H,flow,L,16.3,42.7,0.98597
H,flow,J,15,37.9,1.12296
H,flow,L,16,41.7,1.01807
H,flow,K,15.9,45.2,1.12447
H,flow,A,16.7,45.8,0.98337
H,flow,C,15.5,38.5,1.03387
H,flow,F,14.9,36.1,1.09131
H,flow,A,14.4,29.7,0.99465
H,flow,C,12.9,21.2,0.98757
H,flow,F,14.5,30.2,0.99061
H,flow,P,15.5,36.2,0.97211
H,flow,I,16.6,47.3,1.03404
H,flow,D,16.8,49.7,1.04816
H,flow,F,16.4,48.6,1.1018
H,flow,K,17.5,53.8,1.00385
H,flow,L,14.5,29.8,0.97749
H,flow,N,16.2,43.3,1.01846
H,flow,M,17.2,51.3,1.00817
H,flow,P,15.7,39.5,1.0207
H,flow,C,14.4,35.8,1.19893
H,flow,F,14,26.7,0.97303
H,flow,I,14.9,35.4,1.07015
H,flow,J,15.9,43.8,1.08964
H,flow,A,16.8,49.2,1.03762
H,flow,E,13.2,24,1.04349
H,flow,D,15.5,37.8,1.01507
H,flow,I,16.3,42.8,0.98828
H,flow,L,16.8,49.2,1.03762
H,flow,P,15,33.4,0.98963
H,flow,P,16.9,48.6,1.00688
H,flow,O,15.9,39.6,0.98515
H,flow,F,14.4,30.9,1.03483
H,flow,G,17.2,53.3,1.04747
H,flow,H,16.7,51.8,1.11219
H,flow,H,17.2,57.9,1.13787
H,flow,H,16.5,47.8,1.06408
H,flow,P,16.5,45.8,1.01956
H,flow,P,15,36.6,1.08444
H,flow,M,19,73.8,1.07596
H,flow,H,15.2,36.1,1.02796
H,flow,P,15.4,36.4,0.99664
H,flow,H,16,42.1,1.02783
H,flow,E,14.7,32.9,1.03572
H,flow,F,15.4,40.1,1.09795
H,flow,A,14.3,28.1,0.96094
H,flow,D,16.2,42.7,1.00434
H,flow,C,15.4,36.5,0.99938
H,flow,G,17.3,53,1.02362
H,flow,J,13.8,27.1,1.03117
H,flow,F,14.4,30.3,1.01474
H,flow,L,16.4,45.2,1.02472
H,flow,O,15.8,40.1,1.01665
H,flow,G,15.4,38.2,1.04593
H,flow,E,16.4,42.6,0.96578
H,flow,N,16.1,42,1.0064
H,flow,D,15.3,37.8,1.0554
H,flow,L,16.4,43.6,0.98845
H,flow,D,16.1,43.1,1.03276
H,flow,A,15.6,39.9,1.05099
H,flow,J,15.8,42.4,1.07497
H,flow,P,14.6,33.4,1.07322
H,flow,G,16.4,42,0.95218
H,flow,M,17.6,59.4,1.08955
H,flow,N,17,50.1,1.01974
H,flow,N,16,40.2,0.98145
H,flow,E,11.7,15.6,0.97402
H,flow,D,18,59.5,1.02023
H,flow,L,16.2,43,1.0114
H,flow,N,16.6,45.2,0.98813
H,flow,P,16.1,42.8,1.02557
H,flow,G,17.9,55.3,0.9642
H,flow,L,14,28.3,1.03134
H,flow,L,17.1,48.9,0.97796
H,flow,J,12.5,19.4,0.99328
H,flow,G,15.6,38.4,1.01148
H,flow,O,15.5,36.9,0.9909
H,flow,E,16.3,39.5,0.91208
H,flow,O,16.2,44,1.03492
H,flow,K,18.5,68.3,1.07871
H,flow,P,15.4,40.3,1.10343
H,flow,E,15.4,37.8,1.03497
H,flow,P,14.4,29.6,0.9913
H,flow,D,16.8,48.6,1.02496
H,flow,F,15.4,37.8,1.03497
H,flow,J,11.1,14.1,1.03098
H,flow,I,17,49.8,1.01364
H,flow,A,16.4,15,0.34006
H,flow,P,15.8,41.5,1.05215
H,flow,A,14.8,32.3,0.99636
H,flow,E,15.5,38.3,1.0285
H,flow,J,16,42.7,1.04248
H,flow,K,16.6,46.3,1.01218
H,flow,E,15.1,33,0.95848
H,flow,I,16.7,45.9,0.98552
H,flow,I,15.6,40.7,1.07206
H,flow,G,17.2,52.7,1.03568
H,flow,E,16.4,43.3,0.98165
H,flow,L,16.8,47,0.99122
H,flow,I,14.6,32.9,1.05715
H,flow,A,16.5,43.4,0.96614
H,flow,D,16.8,46.2,0.97435
H,flow,K,17.4,61.8,1.17312
H,flow,C,15.2,37.1,1.05644
H,flow,H,15.3,36.2,1.01073
H,flow,I,13.2,23.2,1.00871
H,flow,E,15.9,40.5,1.00754
H,flow,K,16.4,45,1.02019
H,flow,E,14.3,30,1.02592
H,flow,G,15.5,34.6,0.92914
H,flow,K,15.3,37.2,1.03865
H,flow,F,16.3,45.3,1.04601
H,flow,A,17,52.5,1.06859
H,flow,O,15.8,39.7,1.00651
H,flow,I,16.9,49.1,1.01724
H,flow,N,17,50.8,1.03399
H,flow,K,16.4,48.6,1.1018
H,flow,K,15.8,40.7,1.03187
H,flow,F,15.1,37.9,1.1008
H,flow,L,17.1,51.8,1.03596
H,flow,K,16.8,51.6,1.08823
H,flow,N,17.1,49.9,0.99796
H,flow,H,16.6,48.3,1.0559
H,flow,C,17,53.4,1.08691
H,flow,L,13.3,27.4,1.16465
H,flow,D,16,39.7,0.96924
H,flow,K,16.8,53.8,1.13463
H,flow,P,15.9,42.2,1.04984
H,flow,E,14,27.1,0.98761
H,flow,F,15.9,41.9,1.04237
H,flow,H,17.6,54.6,1.00151
H,flow,E,15.3,35.2,0.98281
H,flow,O,16.3,54.7,1.26306
H,flow,D,14.9,29.9,0.90388
H,flow,N,16.7,40.4,0.86743
H,flow,O,17.1,52.1,1.04196
H,flow,H,16.8,49.8,1.05027
H,flow,L,15.2,32.8,0.93399
H,flow,D,17.5,52.1,0.97213
H,flow,P,12.1,16.5,0.93138
H,flow,F,14.8,33.8,1.04263
H,flow,I,15.5,37.5,1.00702
H,flow,O,15,34.8,1.03111
H,flow,K,16.2,45.4,1.06785
H,flow,E,16.2,43.3,1.01846
H,flow,K,17.4,52.4,0.99468
H,flow,K,16.2,45.5,1.0702
H,flow,L,16.3,44.2,1.02061
H,flow,M,15.6,39.4,1.03782
H,flow,P,16.9,48.1,0.99652
H,flow,F,15.4,37.3,1.02128
H,flow,K,16.5,44.1,0.98172
H,flow,H,15.3,37.7,1.05261
H,flow,P,15.4,35.5,0.972
H,flow,H,17.8,60.8,1.07806
H,flow,F,15.6,42,1.10631
H,flow,H,15.9,43.1,1.07222
H,flow,F,14.2,30,1.04775
H,flow,L,17.4,51.7,0.98139
H,flow,E,14.8,31.3,0.96552
H,flow,F,9.9,10.9,1.12337
H,flow,O,17,50.2,1.02178
H,flow,J,15.6,36.5,0.96143
H,flow,K,16.2,42.6,1.00199
H,flow,D,16.1,41.4,0.99203
H,flow,G,17.3,52.5,1.01396
H,flow,A,16.1,41,0.98244
H,flow,A,10.3,11,1.00666
H,flow,N,16.2,42.9,1.00905
H,flow,M,17.1,51.1,1.02196
H,flow,K,17,51,1.03806
H,flow,E,15.1,34.8,1.01076
H,flow,O,16.8,50.6,1.06714
H,flow,D,16.8,46.2,0.97435
H,flow,D,16.3,40.7,0.93979
H,flow,C,16.8,51.5,1.08612
H,flow,G,15.5,40.8,1.09563
H,flow,D,13.6,24.8,0.9859
H,flow,H,16.3,46.1,1.06448
H,flow,I,13.4,26.3,1.09305
H,flow,E,16.4,52.5,1.19022
H,flow,L,16.1,39.5,0.9465
H,flow,O,16,42.3,1.03271
H,flow,H,16.6,49.2,1.07558
H,flow,F,14.2,30.1,1.05124
H,flow,I,15.8,45,1.14088
H,flow,P,16.8,46,0.97013
H,flow,O,16.3,47.4,1.0945
H,flow,O,15.6,40.5,1.0668
H,flow,J,15.4,39.5,1.08152
H,flow,P,16,47.2,1.15234
H,flow,H,10.8,14.4,1.14312
H,flow,C,11.7,16.7,1.0427
H,flow,O,15.8,38.5,0.97609
H,flow,E,16.8,48.6,1.02496
H,flow,N,16.8,51.3,1.08191
H,flow,N,16.4,45.4,1.02926
H,flow,O,15.2,35.4,1.00803
H,flow,A,16.6,46.5,1.01655
H,flow,O,16.6,49.5,1.08213
H,flow,O,16.8,40.6,0.85625
H,flow,C,15,34.9,1.03407
H,flow,O,15.5,37.1,0.99627
H,flow,N,16.2,42.8,1.0067
H,flow,I,14.3,32.9,1.12509
H,flow,E,16.6,48.7,1.06464
H,flow,C,15.2,38.5,1.0963
H,flow,D,17.8,55,0.97522
H,flow,A,16.5,43.7,0.97281
H,flow,J,14.7,33.4,1.05146
H,flow,O,14.9,34.6,1.04597
H,flow,F,14.5,34.9,1.14478
H,flow,G,17.7,54.9,0.99004
H,flow,G,17.9,64.3,1.12112
H,flow,J,15.6,45,1.18533
H,flow,I,15.9,42.4,1.05481
H,flow,O,14.9,34.7,1.04899
H,flow,E,16.8,48.7,1.02707
H,flow,H,17.5,58,1.08222
H,flow,D,15.9,40.6,1.01003
H,flow,P,13.6,25.4,1.00976
H,flow,O,14.8,41.5,1.28016
H,flow,J,16.2,44.7,1.05139
H,flow,C,15.6,41.8,1.10104
H,flow,I,16,43.3,1.05713
H,flow,A,14.6,32.1,1.03145
H,flow,H,15.4,38.5,1.05414
H,flow,M,16.5,49.9,1.11083
H,flow,E,15.5,37.6,1.0097
H,flow,I,16.1,43.5,1.04235
H,flow,L,18.4,67.6,1.08516
H,flow,N,16.3,43.8,1.01137
H,flow,O,16.2,44.9,1.05609
H,flow,G,13.3,23.3,0.99038
H,flow,C,13.6,27.6,1.09722
H,flow,F,14.4,31.3,1.04823
H,flow,P,15.2,35.4,1.00803
H,flow,H,17.8,60.2,1.06742
H,flow,P,14.4,31.2,1.04488
H,flow,N,15.8,41.4,1.04961
H,flow,H,16.6,48.6,1.06246
H,flow,A,14.9,32.6,0.9855
H,flow,N,15.4,37.9,1.03771
H,flow,N,16.3,43.5,1.00445
H,flow,K,17.4,57.9,1.09908
H,flow,O,15.7,41.2,1.06463
H,flow,O,17.1,52.8,1.05596
H,flow,I,15.2,36.3,1.03366
H,flow,P,15.4,38.3,1.04866
H,flow,L,16.7,48.6,1.04349
H,flow,P,15.4,41,1.12259
H,flow,D,15.6,37.9,0.99831
H,flow,N,17.3,51.4,0.99272
H,flow,H,16,43.3,1.05713
H,flow,F,16,44,1.07422
H,flow,H,17.2,56.5,1.11036
H,flow,P,14.4,30.4,1.01809
H,flow,G,17.3,51,0.98499
H,flow,P,17.4,53.5,1.01556
H,flow,J,14.6,34.6,1.11178
H,flow,N,14.9,33.5,1.01271
H,flow,K,16.3,48.7,1.12452
H,flow,D,16.6,47.3,1.03404
H,flow,C,14.8,34.2,1.05497
H,flow,N,16.7,48.2,1.0349
H,flow,H,17.3,52.9,1.02169
H,flow,H,17,51.9,1.05638
H,flow,C,15.3,36,1.00514
H,flow,C,15.6,41.5,1.09314
H,flow,O,16.3,45.6,1.05294
H,flow,P,16.3,46,1.06217
H,flow,G,17.1,51.7,1.03396
H,flow,F,15.7,43.3,1.11889
H,flow,N,16.5,44.7,0.99507
H,flow,C,16,46.5,1.13525
H,flow,E,14.9,33.6,1.01574
H,flow,O,14.8,34,1.0488
H,flow,F,13.7,16.8,0.65335
H,flow,G,15.5,36.5,0.98016
H,flow,N,15.2,39,1.11054
H,flow,N,16,41.9,1.02295
I,f.control,N,16.3,42.1,0.97212
I,f.control,J,14.6,34.2,1.09892
I,f.control,F,14.5,33,1.08246
I,f.control,F,14.7,34.6,1.08924
I,f.control,O,16.4,45.9,1.04059
I,f.control,L,16.4,42.8,0.97031
I,f.control,K,16.7,50,1.07355
I,f.control,P,15,34,1.00741
I,f.control,A,13.7,24.6,0.95669
I,f.control,G,15.8,36,0.91271
I,f.control,J,14.5,31.1,1.02013
I,f.control,O,15.1,35.7,1.0369
I,f.control,D,15.6,36.5,0.96143
I,f.control,D,16.6,38.9,0.8504
I,f.control,K,16.1,42.4,1.01599
I,f.control,C,16.5,50.6,1.12642
I,f.control,O,17.2,51.6,1.01406
I,f.control,I,15.6,40.2,1.05889
I,f.control,P,16,41.8,1.02051
I,f.control,A,16.8,49.2,1.03762
I,f.control,K,16.3,43,0.9929
I,f.control,O,16.3,43.8,1.01137
I,f.control,K,15.9,40.5,1.00754
I,f.control,M,16.7,44.8,0.9619
I,f.control,C,15.1,37.9,1.1008
I,f.control,N,16.8,42.4,0.89421
I,f.control,O,15.3,37.1,1.03586
I,f.control,G,16.9,46.6,0.96544
I,f.control,H,17,53.2,1.08284
I,f.control,L,15,32.4,0.96
I,f.control,D,16,42.2,1.03027
I,f.control,H,17.6,53.4,0.9795
I,f.control,D,15.6,38.7,1.01938
I,f.control,G,17.1,51.7,1.03396
I,f.control,K,17.8,55.4,0.98231
I,f.control,C,15.9,43.2,1.07471
I,f.control,I,15.5,37.5,1.00702
I,f.control,K,15.2,38,1.08206
I,f.control,P,14.3,31.3,1.07038
I,f.control,N,16.2,42.8,1.0067
I,f.control,I,15.9,44.4,1.10457
I,f.control,C,15.8,43.6,1.10539
I,f.control,O,16.8,49.2,1.03762
I,f.control,F,15.7,42.9,1.10856
I,f.control,O,16.7,47.3,1.01557
I,f.control,A,13.6,27,1.07336
I,f.control,H,17.6,56.2,1.03086
I,f.control,J,16,40.2,0.98145
I,f.control,I,15.1,34.9,1.01367
I,f.control,D,17.4,42.2,0.80106
I,f.control,G,15.9,38.6,0.96028
I,f.control,H,15.9,40.5,1.00754
I,f.control,L,17.8,53.6,0.9504
I,f.control,F,14.6,33,1.06036
I,f.control,P,12.5,19.2,0.98304
I,f.control,F,15,34.4,1.01926
I,f.control,O,17.5,46.9,0.8751
I,f.control,K,14.8,33.1,1.02104
I,f.control,F,14.2,29.4,1.02679
I,f.control,N,16.6,45.2,0.98813
I,f.control,H,16.5,47.2,1.05073
I,f.control,K,16,44.3,1.08154
I,f.control,N,16,39.2,0.95703
I,f.control,M,16.7,46.8,1.00484
I,f.control,D,16.6,49.2,1.07558
I,f.control,M,16,39.9,0.97412
I,f.control,D,16.7,46.6,1.00054
I,f.control,A,14.9,32.3,0.97644
I,f.control,L,15.3,38.1,1.06378
I,f.control,C,16.5,47.6,1.05963
I,f.control,P,16.1,40.9,0.98004
I,f.control,I,14.5,30.8,1.01029
I,f.control,H,17,52.2,1.06249
I,f.control,F,15.7,41.5,1.07238
I,f.control,P,16.5,48.5,1.07967
I,f.control,H,14.5,30.3,0.99389
I,f.control,M,15.9,42.2,1.04984
I,f.control,A,15.5,34.3,0.92108
I,f.control,C,14.4,31.4,1.05158
I,f.control,F,16.1,43.2,1.03516
I,f.control,O,16.2,42.8,1.0067
I,f.control,L,15.9,39.1,0.97271
I,f.control,G,13.5,24.2,0.98359
I,f.control,N,17.6,55.4,1.01618
I,f.control,J,10.8,14,1.11137
I,f.control,J,15.4,39.6,1.08426
I,f.control,F,14.8,34.3,1.05806
I,f.control,N,16.8,47.6,1.00387
I,f.control,L,17.3,49.3,0.95216
I,f.control,C,13.3,24.2,1.02863
I,f.control,N,16.6,46.2,1.00999
I,f.control,J,14.5,33,1.08246
I,f.control,P,16,46.5,1.13525
I,f.control,F,14.7,33.3,1.04832
I,f.control,P,15,35.3,1.04593
I,f.control,K,15.4,37.1,1.01581
I,f.control,C,14.6,33.7,1.08286
I,f.control,I,17,50.1,1.01974
I,f.control,L,15.4,35.8,0.98021
I,f.control,D,16.3,45.9,1.05986
I,f.control,J,15,36.5,1.08148
I,f.control,C,10.1,10.8,1.04824
I,f.control,K,16,44.9,1.09619
I,f.control,M,16.4,45.5,1.03153
I,f.control,F,15.2,37.6,1.07067
I,f.control,F,16.1,42.2,1.01119
I,f.control,O,15.1,38.3,1.11242
I,f.control,P,13.4,24.1,1.00162
I,f.control,P,8.6,7.2,1.13198
I,f.control,E,15.5,38.2,1.02581
I,f.control,J,15.9,41.2,1.02496
I,f.control,C,10.5,12.5,1.0798
I,f.control,L,15.6,37.4,0.98514
I,f.control,L,16.7,44,0.94472
I,f.control,M,16.4,43.9,0.99525
I,f.control,H,14.9,33.8,1.02178
I,f.control,O,14.8,34.9,1.07657
I,f.control,J,9.7,9.8,1.07377
I,f.control,P,14.3,29.5,1.00882
I,f.control,E,14.4,30.5,1.02144
I,f.control,G,16.8,49.1,1.03551
I,f.control,E,10.6,12.8,1.07471
I,f.control,O,15.4,37,1.01307
I,f.control,P,14.5,32.4,1.06277
I,f.control,O,15.1,46.8,1.3593
I,f.control,N,16,41,1.00098
I,f.control,C,15.7,41.4,1.0698
I,f.control,E,15.9,40.2,1.00008
I,f.control,O,15.9,43,1.06974
I,f.control,O,17.1,53.3,1.06596
I,f.control,I,15.1,35.2,1.02238
I,f.control,M,16.2,42,0.98788
I,f.control,I,15.4,40.1,1.09795
I,f.control,O,17.4,56.9,1.0801
I,f.control,I,16.2,46.2,1.08667
I,f.control,H,17.6,56.7,1.04003
I,f.control,E,14.2,38.3,1.33762
I,f.control,K,16,41.2,1.00586
I,f.control,D,15.6,40.1,1.05626
I,f.control,P,13.2,24.1,1.04784
I,f.control,K,16.7,46.7,1.00269
I,f.control,P,13.2,23.6,1.0261
I,f.control,H,16.4,46.3,1.04966
I,f.control,D,16.5,45.1,1.00398
I,f.control,D,15.5,36.7,0.98553
I,f.control,A,14.5,30.8,1.01029
I,f.control,L,16.7,46.9,1.00699
I,f.control,I,16.9,47.5,0.98409
I,f.control,E,13,21.9,0.99681
I,f.control,I,16,41.2,1.00586
I,f.control,D,15.6,39.4,1.03782
I,f.control,I,16.1,44.7,1.0711
I,f.control,E,15.5,37.5,1.00702
I,f.control,F,14.2,31.3,1.09315
I,f.control,I,15.9,42.3,1.05232
I,f.control,K,15.7,39.3,1.01553
I,f.control,F,14.4,31.8,1.06498
I,f.control,A,11.7,17.2,1.07392
I,f.control,G,16.7,46.5,0.9984
I,f.control,L,17.9,55.4,0.96594
I,f.control,D,16.4,43.8,0.99298
I,f.control,F,15.6,44.4,1.16952
I,f.control,K,15.3,38.8,1.08332
I,f.control,F,13.6,28.1,1.11709
I,f.control,N,17.3,52.1,1.00623
I,f.control,L,16.3,42.5,0.98135
I,f.control,K,16,42.1,1.02783
I,f.control,O,16.6,46.7,1.02092
I,f.control,M,15.7,39.6,1.02328
I,f.control,H,15.9,43.4,1.07969
I,f.control,N,14.6,33.4,1.07322
I,f.control,G,15.3,38.3,1.06936
I,f.control,H,15.2,35.9,1.02227
I,f.control,K,17,52.1,1.06045
I,f.control,D,12.9,20.3,0.94564
I,f.control,K,18.7,70.8,1.0827
I,f.control,I,18,60,1.02881
I,f.control,F,14.5,34.8,1.1415
I,f.control,P,16.4,45.9,1.04059
I,f.control,J,14.8,33.9,1.04572
I,f.control,M,16.4,45.1,1.02246
I,f.control,H,16.3,44.7,1.03215
I,f.control,K,14,29.5,1.07507
I,f.control,G,16.6,45.3,0.99032
I,f.control,K,17,49.8,1.01364
I,f.control,C,16.4,48.1,1.09047
I,f.control,J,15.9,42.1,1.04735
I,f.control,C,14.2,34.1,1.19094
I,f.control,K,17,49.1,0.99939
I,f.control,C,15.5,37.8,1.01507
I,f.control,O,16.9,50,1.03588
I,f.control,M,16.3,42.5,0.98135
I,f.control,N,15.7,39.1,1.01036
I,f.control,D,15.1,34.6,1.00495
I,f.control,A,14.9,33.3,1.00667
I,f.control,P,14.7,32.9,1.03572
I,f.control,L,14.2,28.2,0.98488
I,f.control,K,16.5,47.2,1.05073
I,f.control,L,11.8,16.2,0.98598
I,f.control,H,16.1,46.5,1.11423
I,f.control,O,16.8,50.4,1.06293
I,f.control,D,15.4,35.5,0.972
I,f.control,J,15.4,39.8,1.08974
I,f.control,I,17.4,57.7,1.09529
I,f.control,D,15.6,36.8,0.96934
I,f.control,I,13.6,37.9,1.50669
I,f.control,D,12.5,19,0.9728
I,f.control,A,16.4,43,0.97485
I,f.control,L,18.8,68.1,1.02488
I,f.control,A,16.5,43.5,0.96836
I,f.control,F,16.3,46,1.06217
I,f.control,N,16.6,45,0.98376
I,f.control,A,14.6,31.6,1.01538
I,f.control,N,15.3,37,1.03306
I,f.control,N,16.5,45,1.00175
I,f.control,G,15.6,36.8,0.96934
I,f.control,L,14.3,31.4,1.0738
I,f.control,H,16.7,56.7,1.2174
I,f.control,O,14.1,29.4,1.04879
I,f.control,P,17.5,55.1,1.0281
I,f.control,J,14.8,32.9,1.01487
I,f.control,P,14.5,31.7,1.03981
I,f.control,E,15.2,35.5,1.01088
I,f.control,C,12.1,18.5,1.04428
I,f.control,P,15.6,38.1,1.00358
I,f.control,E,13.8,27.3,1.03878
I,f.control,G,16.2,39.8,0.93613
I,f.control,H,17.6,55.6,1.01985
I,f.control,N,17,51.7,1.05231
I,f.control,H,16.4,48.1,1.09047
I,f.control,C,15.8,42,1.06482
I,f.control,E,13.5,26.5,1.07707
I,f.control,I,8.5,6.6,1.0747
I,f.control,L,15,32.4,0.96
I,f.control,E,14.5,30,0.98405
I,f.control,N,15.8,39.9,1.01158
I,f.control,K,17.4,56.1,1.06492
I,f.control,H,17.1,56,1.11995
I,f.control,L,14,27.6,1.00583
I,f.control,O,17,51.2,1.04213
I,f.control,K,14.5,32.4,1.06277
I,f.control,I,16.1,44.6,1.0687
I,f.control,K,16.9,51.2,1.06074
I,f.control,D,14.8,30.2,0.93158
I,f.control,E,14,27.4,0.99854
I,f.control,O,15.4,38,1.04045
I,f.control,D,15,35,1.03704
I,f.control,O,14.5,31.4,1.02997
I,f.control,L,16,38.3,0.93506
I,f.control,M,16.6,44.3,0.96846
I,f.control,L,17,50.8,1.03399
I,f.control,N,15.9,39.7,0.98764
I,f.control,L,15.4,36.4,0.99664
I,f.control,C,16.3,47,1.08526
I,f.control,E,13.9,46.9,1.74634
I,f.control,E,16,40.5,0.98877
I,f.control,N,16.6,44.2,0.96627
I,f.control,F,13.3,24.9,1.05839
I,f.control,N,15.9,42,1.04486
I,f.control,E,15.9,40.9,1.01749
I,f.control,H,15.3,38.7,1.08053
I,f.control,C,15,35.9,1.0637
I,f.control,L,17.5,50,0.93294
I,f.control,J,16,44.7,1.09131
I,f.control,L,13.3,24.8,1.05414
I,f.control,I,16.2,42.5,0.99964
I,f.control,D,14.4,33.2,1.11186
I,f.control,I,15,34.1,1.01037
I,f.control,H,15.5,40.8,1.09563
I,f.control,D,15.6,39.1,1.02992
I,f.control,N,13.9,25.9,0.9644
I,f.control,L,17.4,53.6,1.01746
I,f.control,K,16,40,0.97656
I,f.control,L,17.7,55.1,0.99365
I,f.control,D,15.7,40.1,1.0362
I,f.control,O,16.5,46.5,1.03514
I,f.control,O,15.8,42.7,1.08257
I,f.control,L,15.8,41.6,1.05468
I,f.control,K,18.4,67.1,1.07713
I,f.control,J,15,36.2,1.07259
I,f.control,D,15,33,0.97778
I,f.control,G,14.7,32.2,1.01369
I,f.control,O,15.5,39.9,1.07146
I,f.control,K,15.9,41.7,1.0374
I,f.control,H,16,44.1,1.07666
I,f.control,P,15.5,36.2,0.97211
I,f.control,H,15.1,32.3,0.93815
I,f.control,H,17.3,57,1.10087
I,f.control,E,14.1,30.1,1.07376
I,f.control,F,15.5,38.4,1.03118
I,f.control,O,15.5,39.5,1.06072
I,f.control,M,16.2,41.8,0.98318
I,f.control,O,12.4,23.9,1.25352
I,f.control,P,15.8,41.1,1.04201
I,f.control,I,16,41.7,1.01807
I,f.control,P,15,38.7,1.14667
I,f.control,C,13.6,27.6,1.09722
I,f.control,G,18,61.2,1.04938
I,f.control,C,15.9,41.2,1.02496
I,f.control,O,16.8,42.2,0.88999
I,f.control,P,15.7,40.9,1.05688
I,f.control,M,16.4,47.7,1.0814
I,f.control,N,15.9,37.8,0.94037
I,f.control,P,11.4,16,1.07995
I,f.control,K,14.6,34.9,1.12142
I,f.control,N,16.2,45.1,1.0608
I,f.control,I,15.7,39.3,1.01553
I,f.control,A,15.5,36.5,0.98016
I,f.control,I,15.2,34.8,0.99094
I,f.control,P,16.7,48.9,1.04993
I,f.control,P,15.7,37.4,0.96643
I,f.control,N,14.4,30.3,1.01474
I,f.control,I,13.3,25.6,1.08814
I,f.control,D,12,16.3,0.94329
I,f.control,N,16,41.3,1.0083
I,f.control,A,16.3,44.6,1.02985
I,f.control,N,16.2,40.9,0.96201
I,f.control,O,15.6,39.1,1.02992
I,f.control,D,15.5,38.2,1.02581
I,f.control,P,14,26.1,0.95117
I,f.control,P,14.2,29.4,1.02679
I,f.control,G,12.3,18.1,0.97266
I,f.control,H,15.5,38.3,1.0285
I,f.control,L,18.6,63,0.97904
I,f.control,N,16,39.8,0.97168
I,f.control,H,16.8,50,1.05449
I,f.control,M,16.8,48.9,1.03129
I,f.control,A,15.3,33.8,0.94372
I,f.control,F,14.8,35,1.07965
I,f.control,C,14.2,31.6,1.10363
I,f.control,F,16.3,46.5,1.07372
I,f.control,M,15.1,33.5,0.973
I,f.control,O,15.8,42.9,1.08764
I,f.control,N,16.3,41.4,0.95596
I,f.control,N,15.4,35,0.95831
I,f.control,O,15,35.7,1.05778
I,f.control,E,16.3,43.7,1.00906
I,f.control,K,17.3,43.5,0.84014
I,f.control,J,16.6,49,1.0712
I,f.control,P,16.8,47.2,0.99544
I,f.control,H,17.1,53.7,1.07395
I,f.control,K,15.6,35.8,0.94299
I,f.control,F,12.9,24.7,1.15061
I,f.control,F,16,44.5,1.08643
I,f.control,M,17.4,53.9,1.02315
I,f.control,H,17.2,58.7,1.15359
I,f.control,P,15.4,36.9,1.01033
I,f.control,L,14.5,32.9,1.07918
I,f.control,D,15.8,38.2,0.96848
I,f.control,O,17.5,56.7,1.05796
I,f.control,I,15,35,1.03704
I,f.control,K,18,62,1.0631
I,f.control,K,16.9,52.9,1.09596
I,f.control,M,16.9,48.6,1.00688
I,f.control,F,16.3,47.2,1.08988
I,f.control,K,18.6,68.2,1.05985
I,f.control,E,14.3,29.9,1.0225
I,f.control,N,17.6,57.2,1.0492
I,f.control,C,15.7,41.7,1.07755
I,f.control,I,16,39.9,0.97412
I,f.control,G,15.5,36.2,0.97211
I,f.control,D,16,39.4,0.96191
I,f.control,A,17.4,52.6,0.99848
I,f.control,J,14.4,31.1,1.04153
I,f.control,C,16.3,45.8,1.05755
I,f.control,P,9.3,7.8,0.96972