tank,treatment,family,length
A,flow,A,14.9
A,flow,A,15.6
A,flow,A,15.6
A,flow,A,12.5
A,flow,A,16
A,flow,A,17.2
A,flow,A,16.5
A,flow,A,13.2
A,flow,A,13.8
A,flow,A,12.3
A,flow,A,11.5
A,flow,A,14.6
A,flow,A,16.3
A,flow,A,15.1
A,flow,A,16.1
A,flow,A,16.7
A,flow,A,16.4
A,flow,A,16.4
A,flow,A,16.5
A,flow,A,14.9
A,flow,A,15.3
A,flow,A,17.3
A,flow,A,14.4
B,f.control,A,11.5
B,f.control,A,16.5
B,f.control,A,15.8
B,f.control,A,15.8
B,f.control,A,14.6
B,f.control,A,15.9
B,f.control,A,10.8
B,f.control,A,14.8
B,f.control,A,12.9
B,f.control,A,16.5
B,f.control,A,16
B,f.control,A,12.9
B,f.control,A,15.2
B,f.control,A,14.7
B,f.control,A,15.8
B,f.control,A,15.5
B,f.control,A,16.5
B,f.control,A,13.8
B,f.control,A,15.7
B,f.control,A,12.5
B,f.control,A,15.1
B,f.control,A,16.7
B,f.control,A,12.2
C,f.control,A,15.3
C,f.control,A,15.9
C,f.control,A,15.6
C,f.control,A,15.8
C,f.control,A,15.4
C,f.control,A,15.2
C,f.control,A,13.4
C,f.control,A,14.8
C,f.control,A,15.5
C,f.control,A,15.1
C,f.control,A,14.9
C,f.control,A,17.6
C,f.control,A,13.6
C,f.control,A,15.5
C,f.control,A,14.6
C,f.control,A,16.3
C,f.control,A,15.9
C,f.control,A,11.8
C,f.control,A,14.1
C,f.control,A,10.6
D,flow,A,15.4
D,flow,A,14.8
D,flow,A,16.6
D,flow,A,16.2
D,flow,A,13.4
D,flow,A,13.5
D,flow,A,15.5
D,flow,A,15.4
D,flow,A,15.5
D,flow,A,14.5
D,flow,A,15.9
D,flow,A,15.7
D,flow,A,13.2
D,flow,A,14.6
D,flow,A,14.3
D,flow,A,10.3
D,flow,A,15.4
D,flow,A,16
D,flow,A,16.5
D,flow,A,16.4
D,flow,A,16.3
E,f.control,A,15.8
E,f.control,A,15.4
E,f.control,A,15.7
E,f.control,A,16.5
E,f.control,A,14.9
E,f.control,A,9.6
E,f.control,A,15.5
E,f.control,A,15.4
E,f.control,A,15.6
E,f.control,A,14.4
E,f.control,A,12.6
E,f.control,A,15.3
E,f.control,A,16.5
E,f.control,A,16.4
E,f.control,A,12.2
E,f.control,A,11.6
E,f.control,A,14.6
E,f.control,A,15.1
E,f.control,A,14.6
E,f.control,A,15.2
E,f.control,A,16.1
E,f.control,A,12.5
E,f.control,A,13.5
F,flow,A,14.3
F,flow,A,14.7
F,flow,A,15.9
F,flow,A,14.5
F,flow,A,13
F,flow,A,11.9
F,flow,A,16.3
F,flow,A,16.6
F,flow,A,16.7
F,flow,A,16.8
F,flow,A,16.6
F,flow,A,14.2
F,flow,A,15.1
F,flow,A,14.3
F,flow,A,12.6
F,flow,A,14.5
F,flow,A,15.6
F,flow,A,17
F,flow,A,15.2
F,flow,A,15.7
F,flow,A,15.8
H,flow,A,16.6
H,flow,A,14.5
H,flow,A,11.9
H,flow,A,16
H,flow,A,16.7
H,flow,A,14.4
H,flow,A,16.8
H,flow,A,14.3
H,flow,A,15.6
H,flow,A,16.4
H,flow,A,14.8
H,flow,A,16.5
H,flow,A,17
H,flow,A,16.1
H,flow,A,10.3
H,flow,A,16.6
H,flow,A,16.5
H,flow,A,14.6
H,flow,A,14.9
I,f.control,A,13.7
I,f.control,A,16.8
I,f.control,A,13.6
I,f.control,A,14.9
I,f.control,A,15.5
I,f.control,A,14.5
I,f.control,A,11.7
I,f.control,A,14.9
I,f.control,A,16.4
I,f.control,A,16.5
I,f.control,A,14.6
I,f.control,A,15.5
I,f.control,A,16.3
I,f.control,A,15.3
I,f.control,A,17.4
A,flow,C,16.4
A,flow,C,15.7
A,flow,C,16.8
A,flow,C,8.9
A,flow,C,14.3
A,flow,C,16
A,flow,C,15.5
A,flow,C,17.4
A,flow,C,13.9
A,flow,C,16
A,flow,C,16
A,flow,C,15.3
A,flow,C,14.9
A,flow,C,14.5
A,flow,C,12.7
A,flow,C,12.8
A,flow,C,15
A,flow,C,18.3
A,flow,C,15.3
A,flow,C,15.9
A,flow,C,15
A,flow,C,16.9
B,f.control,C,10.7
B,f.control,C,15.3
B,f.control,C,15
B,f.control,C,17.1
B,f.control,C,16
B,f.control,C,15.9
B,f.control,C,16.1
B,f.control,C,15.4
B,f.control,C,16.1
B,f.control,C,17.5
B,f.control,C,15
B,f.control,C,15.6
B,f.control,C,13.1
B,f.control,C,15.3
B,f.control,C,13.4
B,f.control,C,17.9
B,f.control,C,16
B,f.control,C,14.3
B,f.control,C,16.8
B,f.control,C,13
B,f.control,C,11.7
B,f.control,C,15.4
B,f.control,C,14.2
B,f.control,C,16
B,f.control,C,14.9
C,f.control,C,15.1
C,f.control,C,16.1
C,f.control,C,16.3
C,f.control,C,14.2
C,f.control,C,17
C,f.control,C,14.3
C,f.control,C,14.2
C,f.control,C,15.9
C,f.control,C,15.5
C,f.control,C,14.7
C,f.control,C,15.6
C,f.control,C,13
C,f.control,C,13
C,f.control,C,13
C,f.control,C,14.3
C,f.control,C,15.7
C,f.control,C,12.9
C,f.control,C,16.3
C,f.control,C,15.5
C,f.control,C,15.9
C,f.control,C,15.1
C,f.control,C,16
C,f.control,C,15.4
C,f.control,C,14.9
C,f.control,C,16.5
D,flow,C,16
D,flow,C,16
D,flow,C,16
D,flow,C,15.2
D,flow,C,14.8
D,flow,C,14.1
D,flow,C,9.2
D,flow,C,14.3
D,flow,C,17.7
D,flow,C,16.4
D,flow,C,15.1
D,flow,C,15
D,flow,C,14.7
D,flow,C,16.1
D,flow,C,15.6
D,flow,C,14.3
D,flow,C,15.1
D,flow,C,12
D,flow,C,15.8
D,flow,C,15.7
D,flow,C,15.6
D,flow,C,16.1
D,flow,C,16.2
E,f.control,C,17.4
E,f.control,C,15.5
E,f.control,C,10.2
E,f.control,C,17.3
E,f.control,C,14.5
E,f.control,C,15.5
E,f.control,C,15.7
E,f.control,C,15.8
E,f.control,C,13.4
E,f.control,C,15.1
E,f.control,C,16.3
E,f.control,C,14
E,f.control,C,16
E,f.control,C,14.6
E,f.control,C,15.6
E,f.control,C,14.6
E,f.control,C,15.3
E,f.control,C,14
E,f.control,C,15.8
E,f.control,C,15.7
E,f.control,C,15.4
F,flow,C,15.3
F,flow,C,14.7
F,flow,C,12.3
F,flow,C,14.4
F,flow,C,14.3
F,flow,C,15.8
F,flow,C,15
F,flow,C,14.8
F,flow,C,14.5
F,flow,C,13.5
F,flow,C,14.1
F,flow,C,15.4
F,flow,C,16.4
F,flow,C,15.2
F,flow,C,14.3
F,flow,C,13.7
F,flow,C,14.6
F,flow,C,15
F,flow,C,14.3
F,flow,C,15.1
F,flow,C,13.5
F,flow,C,17.2
F,flow,C,15.3
F,flow,C,11.4
F,flow,C,16.6
F,flow,C,16.2
F,flow,C,14.1
H,flow,C,16.3
H,flow,C,13.3
H,flow,C,16.4
H,flow,C,13.7
H,flow,C,16.1
H,flow,C,17.2
H,flow,C,13
H,flow,C,14
H,flow,C,15.5
H,flow,C,12.9
H,flow,C,14.4
H,flow,C,15.4
H,flow,C,15.2
H,flow,C,17
H,flow,C,16.8
H,flow,C,11.7
H,flow,C,15
H,flow,C,15.2
H,flow,C,15.6
H,flow,C,13.6
H,flow,C,14.8
H,flow,C,15.3
H,flow,C,15.6
H,flow,C,16
I,f.control,C,16.5
I,f.control,C,15.1
I,f.control,C,15.9
I,f.control,C,15.8
I,f.control,C,16.5
I,f.control,C,14.4
I,f.control,C,13.3
I,f.control,C,14.6
I,f.control,C,10.1
I,f.control,C,10.5
I,f.control,C,15.7
I,f.control,C,16.4
I,f.control,C,14.2
I,f.control,C,15.5
I,f.control,C,12.1
I,f.control,C,15.8
I,f.control,C,16.3
I,f.control,C,15
I,f.control,C,13.6
I,f.control,C,15.9
I,f.control,C,14.2
I,f.control,C,15.7
I,f.control,C,16.3
A,flow,D,16
A,flow,D,13.1
A,flow,D,16.1
A,flow,D,16.3
A,flow,D,17.3
A,flow,D,14.5
A,flow,D,15.7
A,flow,D,15
A,flow,D,16.3
A,flow,D,12.9
A,flow,D,10.2
A,flow,D,16
A,flow,D,16.6
A,flow,D,16.2
A,flow,D,16.5
A,flow,D,16.1
A,flow,D,17
A,flow,D,15.5
A,flow,D,11.4
A,flow,D,15.8
A,flow,D,14.3
A,flow,D,14.8
A,flow,D,16
A,flow,D,15.3
A,flow,D,15.8
A,flow,D,16
A,flow,D,16.7
A,flow,D,16.1
A,flow,D,16.6
B,f.control,D,15
B,f.control,D,17.2
B,f.control,D,15.4
B,f.control,D,15.4
B,f.control,D,15.5
B,f.control,D,15.5
B,f.control,D,14.1
B,f.control,D,16
B,f.control,D,8.8
B,f.control,D,12.2
B,f.control,D,14
B,f.control,D,15.4
B,f.control,D,10.1
B,f.control,D,15.7
B,f.control,D,16.3
B,f.control,D,14.9
B,f.control,D,15
B,f.control,D,15.4
B,f.control,D,16.3
B,f.control,D,10.2
B,f.control,D,15.1
B,f.control,D,17
B,f.control,D,16.3
B,f.control,D,13.9
B,f.control,D,16.1
B,f.control,D,15.2
B,f.control,D,16.3
B,f.control,D,16
B,f.control,D,15.6
B,f.control,D,16.2
B,f.control,D,16
B,f.control,D,15.6
B,f.control,D,14.8
B,f.control,D,11.8
B,f.control,D,16.5
C,f.control,D,15.6
C,f.control,D,16.5
C,f.control,D,14.5
C,f.control,D,13.2
C,f.control,D,16
C,f.control,D,16.6
C,f.control,D,10
C,f.control,D,15.8
C,f.control,D,12.9
C,f.control,D,11.8
C,f.control,D,15
C,f.control,D,15.6
C,f.control,D,15.6
C,f.control,D,15.5
C,f.control,D,15.7
C,f.control,D,15.7
C,f.control,D,15.5
C,f.control,D,14.6
C,f.control,D,16.9
C,f.control,D,17.1
C,f.control,D,13.9
C,f.control,D,15.6
C,f.control,D,14.6
C,f.control,D,15.6
C,f.control,D,17.6
C,f.control,D,12.8
C,f.control,D,16.5
C,f.control,D,16.7
C,f.control,D,15.7
C,f.control,D,16.5
C,f.control,D,15.5
C,f.control,D,16.1
D,flow,D,15.7
D,flow,D,14.5
D,flow,D,16.2
D,flow,D,13.4
D,flow,D,16.8
D,flow,D,10.8
D,flow,D,15
D,flow,D,11.6
D,flow,D,16.4
D,flow,D,15.4
D,flow,D,16.5
D,flow,D,16.1
D,flow,D,16.1
D,flow,D,15.6
D,flow,D,16.2
D,flow,D,15
D,flow,D,16.6
D,flow,D,16.7
D,flow,D,16
D,flow,D,17.3
D,flow,D,16
D,flow,D,10.1
D,flow,D,15
D,flow,D,14.5
D,flow,D,15.4
D,flow,D,16.3
D,flow,D,15.7
E,f.control,D,17.7
E,f.control,D,14.3
E,f.control,D,14.3
E,f.control,D,15.1
E,f.control,D,10.6
E,f.control,D,16.6
E,f.control,D,16.6
E,f.control,D,11.5
E,f.control,D,15.7
E,f.control,D,14.3
E,f.control,D,15.4
E,f.control,D,16.5
E,f.control,D,16.5
E,f.control,D,14.3
E,f.control,D,14.9
E,f.control,D,15.5
E,f.control,D,14.6
E,f.control,D,13.9
E,f.control,D,13.4
E,f.control,D,16.5
E,f.control,D,15.7
E,f.control,D,13.8
E,f.control,D,15.8
E,f.control,D,16.1
E,f.control,D,14.8
E,f.control,D,15.7
E,f.control,D,15.3
E,f.control,D,15.5
E,f.control,D,14.8
E,f.control,D,9.9
E,f.control,D,16.6
E,f.control,D,16.5
E,f.control,D,16
E,f.control,D,8
E,f.control,D,13
E,f.control,D,15.4
E,f.control,D,15.8
E,f.control,D,15.1
F,flow,D,15.3
F,flow,D,14
F,flow,D,18.1
F,flow,D,13.5
F,flow,D,12.7
F,flow,D,8.5
F,flow,D,15.1
F,flow,D,16.5
F,flow,D,15.3
F,flow,D,15.5
F,flow,D,17.5
F,flow,D,14.9
F,flow,D,16.3
F,flow,D,14.2
F,flow,D,16.5
F,flow,D,16.3
F,flow,D,17.5
F,flow,D,15.3
F,flow,D,17.4
F,flow,D,16.4
F,flow,D,16
F,flow,D,16.1
F,flow,D,17.1
F,flow,D,15.8
F,flow,D,9.3
F,flow,D,15.5
F,flow,D,15.7
H,flow,D,16.8
H,flow,D,17.7
H,flow,D,15.7
H,flow,D,16.5
H,flow,D,14.4
H,flow,D,15.6
H,flow,D,17.4
H,flow,D,16.8
H,flow,D,15.5
H,flow,D,16.2
H,flow,D,15.3
H,flow,D,16.1
H,flow,D,18
H,flow,D,16.8
H,flow,D,16.8
H,flow,D,16
H,flow,D,14.9
H,flow,D,17.5
H,flow,D,16.1
H,flow,D,16.8
H,flow,D,16.3
H,flow,D,13.6
H,flow,D,17.8
H,flow,D,15.9
H,flow,D,15.6
H,flow,D,16.6
I,f.control,D,15.6
I,f.control,D,16.6
I,f.control,D,16
I,f.control,D,15.6
I,f.control,D,17.4
I,f.control,D,16.6
I,f.control,D,16.7
I,f.control,D,16.3
I,f.control,D,15.6
I,f.control,D,16.5
I,f.control,D,15.5
I,f.control,D,15.6
I,f.control,D,16.4
I,f.control,D,12.9
I,f.control,D,15.1
I,f.control,D,15.4
I,f.control,D,15.6
I,f.control,D,12.5
I,f.control,D,14.8
I,f.control,D,15
I,f.control,D,14.4
I,f.control,D,15.6
I,f.control,D,15.7
I,f.control,D,15
I,f.control,D,12
I,f.control,D,15.5
I,f.control,D,15.8
I,f.control,D,16
A,flow,E,14.2
A,flow,E,15.7
A,flow,E,15.4
A,flow,E,13.5
A,flow,E,15.9
A,flow,E,17.5
A,flow,E,15
A,flow,E,15.5
A,flow,E,15.1
A,flow,E,15.8
A,flow,E,15.2
A,flow,E,15.3
A,flow,E,13.5
A,flow,E,14.5
A,flow,E,16.4
A,flow,E,16.2
A,flow,E,14.7
A,flow,E,15.9
A,flow,E,15.4
A,flow,E,17.5
B,f.control,E,14.5
B,f.control,E,13.3
B,f.control,E,14.1
B,f.control,E,14
B,f.control,E,12.1
B,f.control,E,16.6
B,f.control,E,13.9
B,f.control,E,15.7
B,f.control,E,14.1
B,f.control,E,11.7
B,f.control,E,14.9
B,f.control,E,10.5
B,f.control,E,14.9
B,f.control,E,14.9
B,f.control,E,14.7
B,f.control,E,14.7
B,f.control,E,15
B,f.control,E,16.3
B,f.control,E,13.8
B,f.control,E,15.8
B,f.control,E,15.9
B,f.control,E,12.2
B,f.control,E,16.5
C,f.control,E,15.2
C,f.control,E,14.1
C,f.control,E,15.5
C,f.control,E,13.3
C,f.control,E,15.9
C,f.control,E,13.9
C,f.control,E,15.4
C,f.control,E,14.3
C,f.control,E,11.6
C,f.control,E,16
C,f.control,E,15.8
C,f.control,E,15.1
C,f.control,E,14
C,f.control,E,16.2
C,f.control,E,14
C,f.control,E,15
C,f.control,E,15.9
D,flow,E,16
D,flow,E,16.2
D,flow,E,13.6
D,flow,E,11
D,flow,E,15
D,flow,E,13.4
D,flow,E,16.8
D,flow,E,15.5
D,flow,E,15.4
D,flow,E,14
D,flow,E,12.8
D,flow,E,15
D,flow,E,15.1
D,flow,E,14.4
D,flow,E,15.1
D,flow,E,14.8
D,flow,E,14.4
D,flow,E,15
D,flow,E,15.2
D,flow,E,13.4
D,flow,E,15.6
D,flow,E,15.1
D,flow,E,13.8
D,flow,E,17
D,flow,E,15.7
D,flow,E,14.7
D,flow,E,15.7
D,flow,E,14.4
D,flow,E,15.5
D,flow,E,16.4
E,f.control,E,9.5
E,f.control,E,13.8
E,f.control,E,16
E,f.control,E,12.8
E,f.control,E,14.7
E,f.control,E,15
E,f.control,E,15.4
E,f.control,E,15
E,f.control,E,15.5
E,f.control,E,15
E,f.control,E,14.8
E,f.control,E,9.8
E,f.control,E,15
E,f.control,E,14.4
E,f.control,E,14
E,f.control,E,14.7
E,f.control,E,10
E,f.control,E,13.6
E,f.control,E,8.9
E,f.control,E,16
F,flow,E,15.2
F,flow,E,13.8
F,flow,E,15
F,flow,E,15.2
F,flow,E,14.1
F,flow,E,15
F,flow,E,15
F,flow,E,14.5
F,flow,E,16.4
F,flow,E,12.6
F,flow,E,15.5
F,flow,E,15.9
F,flow,E,14.6
F,flow,E,16.8
F,flow,E,14.8
F,flow,E,15.1
F,flow,E,16.5
F,flow,E,16.4
F,flow,E,13.7
F,flow,E,17.1
F,flow,E,15
F,flow,E,14.1
F,flow,E,14.5
F,flow,E,16.6
F,flow,E,15.2
F,flow,E,14.7
F,flow,E,13.6
F,flow,E,15.9
F,flow,E,13.4
H,flow,E,14.6
H,flow,E,16.3
H,flow,E,15.4
H,flow,E,10.8
H,flow,E,16.2
H,flow,E,16.8
H,flow,E,13.2
H,flow,E,14.7
H,flow,E,16.4
H,flow,E,11.7
H,flow,E,16.3
H,flow,E,15.4
H,flow,E,15.5
H,flow,E,15.1
H,flow,E,16.4
H,flow,E,15.9
H,flow,E,14.3
H,flow,E,14
H,flow,E,15.3
H,flow,E,16.2
H,flow,E,14.8
H,flow,E,15.1
H,flow,E,16.4
H,flow,E,16.8
H,flow,E,16.6
H,flow,E,16.8
H,flow,E,15.5
H,flow,E,14.9
I,f.control,E,15.5
I,f.control,E,14.4
I,f.control,E,10.6
I,f.control,E,15.9
I,f.control,E,14.2
I,f.control,E,13
I,f.control,E,15.5
I,f.control,E,15.2
I,f.control,E,13.8
I,f.control,E,13.5
I,f.control,E,14.5
I,f.control,E,14
I,f.control,E,13.9
I,f.control,E,16
I,f.control,E,15.9
I,f.control,E,14.1
I,f.control,E,16.3
I,f.control,E,14.3
A,flow,F,16
A,flow,F,14.4
A,flow,F,14.3
A,flow,F,16
A,flow,F,13.8
A,flow,F,15
A,flow,F,13.9
A,flow,F,14
A,flow,F,15.5
A,flow,F,12.3
A,flow,F,14.9
A,flow,F,15.5
A,flow,F,15.8
A,flow,F,14.8
A,flow,F,15.2
A,flow,F,17.1
A,flow,F,15.5
A,flow,F,15
A,flow,F,14.8
A,flow,F,14.8
A,flow,F,16.5
A,flow,F,14.2
A,flow,F,16.6
A,flow,F,15.5
A,flow,F,15.8
B,f.control,F,14.6
B,f.control,F,15.2
B,f.control,F,16.6
B,f.control,F,15.9
B,f.control,F,14.7
B,f.control,F,14
B,f.control,F,13.8
B,f.control,F,15.3
B,f.control,F,14.6
B,f.control,F,15.4
B,f.control,F,16.8
B,f.control,F,13.7
B,f.control,F,15.1
B,f.control,F,14.5
B,f.control,F,14.6
B,f.control,F,15.6
B,f.control,F,17
B,f.control,F,14.9
B,f.control,F,15.9
B,f.control,F,16.2
B,f.control,F,12.7
B,f.control,F,14.1
B,f.control,F,14.9
B,f.control,F,15.3
B,f.control,F,16
C,f.control,F,16.1
C,f.control,F,14
C,f.control,F,14.4
C,f.control,F,13.7
C,f.control,F,13.7
C,f.control,F,14.3
C,f.control,F,16.1
C,f.control,F,15.4
C,f.control,F,14.5
C,f.control,F,15.5
C,f.control,F,12.5
C,f.control,F,15.4
C,f.control,F,14.7
C,f.control,F,15.4
C,f.control,F,14
C,f.control,F,15.9
C,f.control,F,16
C,f.control,F,15
C,f.control,F,14.3
D,flow,F,15.5
D,flow,F,14.5
D,flow,F,14
D,flow,F,14.5
D,flow,F,14.3
D,flow,F,11.7
D,flow,F,15.6
D,flow,F,14.9
D,flow,F,13.7
D,flow,F,14.7
D,flow,F,14.5
D,flow,F,14.6
D,flow,F,15.2
D,flow,F,14
D,flow,F,14.5
D,flow,F,17
D,flow,F,14.5
D,flow,F,14.3
D,flow,F,15.1
D,flow,F,13.2
D,flow,F,15.5
D,flow,F,14.8
D,flow,F,15.1
D,flow,F,13
D,flow,F,12.9
D,flow,F,13
D,flow,F,13.5
D,flow,F,15.5
E,f.control,F,14.3
E,f.control,F,13.7
E,f.control,F,15.2
E,f.control,F,13.3
E,f.control,F,15.4
E,f.control,F,15.4
E,f.control,F,10.3
E,f.control,F,13.5
E,f.control,F,15.4
E,f.control,F,14.2
E,f.control,F,15.6
E,f.control,F,14.4
E,f.control,F,14
E,f.control,F,11.5
E,f.control,F,12
E,f.control,F,14.1
E,f.control,F,15.2
E,f.control,F,13.6
E,f.control,F,14.9
E,f.control,F,15.9
E,f.control,F,14.6
E,f.control,F,14.1
E,f.control,F,16.5
E,f.control,F,14
E,f.control,F,14.8
E,f.control,F,14.4
F,flow,F,13.9
F,flow,F,15.7
F,flow,F,8.2
F,flow,F,14.5
F,flow,F,14.1
F,flow,F,13.5
F,flow,F,13.7
F,flow,F,15.6
F,flow,F,15.6
F,flow,F,14.4
F,flow,F,14.4
F,flow,F,13.8
F,flow,F,14.6
F,flow,F,14.7
F,flow,F,13.7
F,flow,F,14.4
F,flow,F,15.5
F,flow,F,12.3
F,flow,F,15.4
F,flow,F,13
F,flow,F,15
F,flow,F,14.7
F,flow,F,13.5
F,flow,F,15.3
F,flow,F,13.4
F,flow,F,14.4
F,flow,F,13.5
F,flow,F,13.4
F,flow,F,11.4
F,flow,F,15.9
F,flow,F,11.6
H,flow,F,14.5
H,flow,F,14.5
H,flow,F,14.4
H,flow,F,15.5
H,flow,F,16.8
H,flow,F,15.3
H,flow,F,16.4
H,flow,F,14.9
H,flow,F,14.5
H,flow,F,16.4
H,flow,F,14
H,flow,F,14.4
H,flow,F,15.4
H,flow,F,14.4
H,flow,F,15.4
H,flow,F,16.3
H,flow,F,15.1
H,flow,F,15.9
H,flow,F,14.8
H,flow,F,15.4
H,flow,F,15.6
H,flow,F,14.2
H,flow,F,9.9
H,flow,F,14.2
H,flow,F,14.5
H,flow,F,14.4
H,flow,F,16
H,flow,F,15.7
H,flow,F,13.7
I,f.control,F,14.5
I,f.control,F,14.7
I,f.control,F,15.7
I,f.control,F,14.6
I,f.control,F,15
I,f.control,F,14.2
I,f.control,F,15.7
I,f.control,F,16.1
I,f.control,F,14.8
I,f.control,F,14.7
I,f.control,F,15.2
I,f.control,F,16.1
I,f.control,F,14.2
I,f.control,F,14.4
I,f.control,F,15.6
I,f.control,F,13.6
I,f.control,F,14.5
I,f.control,F,16.3
I,f.control,F,13.3
I,f.control,F,15.5
I,f.control,F,14.8
I,f.control,F,16.3
I,f.control,F,12.9
I,f.control,F,16
I,f.control,F,16.3
A,flow,G,16.3
A,flow,G,15.6
A,flow,G,15.4
A,flow,G,15
A,flow,G,16.5
A,flow,G,17.4
A,flow,G,17.4
A,flow,G,17.4
A,flow,G,13.5
A,flow,G,16.1
A,flow,G,15.5
A,flow,G,15
A,flow,G,15.2
A,flow,G,15.9
A,flow,G,18.8
A,flow,G,15.3
A,flow,G,17.5
A,flow,G,15.1
B,f.control,G,15.9
B,f.control,G,16.9
B,f.control,G,15.7
B,f.control,G,14.9
B,f.control,G,17.1
B,f.control,G,14.6
B,f.control,G,16
B,f.control,G,14.3
B,f.control,G,14.5
B,f.control,G,17.2
B,f.control,G,15.2
B,f.control,G,16.3
B,f.control,G,17
B,f.control,G,16.6
B,f.control,G,14.1
B,f.control,G,15.4
B,f.control,G,16.6
B,f.control,G,17.5
B,f.control,G,16.4
B,f.control,G,15.9
B,f.control,G,17
B,f.control,G,17.5
C,f.control,G,16
C,f.control,G,16.7
C,f.control,G,13.4
C,f.control,G,12.9
C,f.control,G,14.3
C,f.control,G,17.4
C,f.control,G,16.6
C,f.control,G,17.2
C,f.control,G,17.5
C,f.control,G,16
C,f.control,G,15
C,f.control,G,17.2
C,f.control,G,15
C,f.control,G,15.1
C,f.control,G,13.5
C,f.control,G,15.1
C,f.control,G,16.1
C,f.control,G,17.2
C,f.control,G,13.5
D,flow,G,14.9
D,flow,G,17.1
D,flow,G,15.9
D,flow,G,16.1
D,flow,G,18.3
D,flow,G,18.9
D,flow,G,16
D,flow,G,18.2
D,flow,G,13
D,flow,G,15.3
D,flow,G,17.2
D,flow,G,16.3
D,flow,G,11.6
D,flow,G,14.6
D,flow,G,15.9
E,f.control,G,14.9
E,f.control,G,16.3
E,f.control,G,15.2
E,f.control,G,15.7
E,f.control,G,16.9
E,f.control,G,15.2
E,f.control,G,16.7
E,f.control,G,17.5
E,f.control,G,15.1
E,f.control,G,15.7
E,f.control,G,11.3
E,f.control,G,14.2
E,f.control,G,17
E,f.control,G,15.9
E,f.control,G,14.5
E,f.control,G,16.9
E,f.control,G,15.3
E,f.control,G,18
E,f.control,G,16.3
E,f.control,G,13.3
F,flow,G,16.8
F,flow,G,14.6
F,flow,G,17.3
F,flow,G,16.2
F,flow,G,16.3
F,flow,G,16.5
F,flow,G,15.6
F,flow,G,15.5
F,flow,G,16
F,flow,G,16.2
F,flow,G,17.5
F,flow,G,16.6
F,flow,G,15.4
F,flow,G,13.6
F,flow,G,18.4
F,flow,G,16.4
H,flow,G,17
H,flow,G,16.2
H,flow,G,17.3
H,flow,G,14.4
H,flow,G,17.4
H,flow,G,18.3
H,flow,G,17.1
H,flow,G,17.2
H,flow,G,17.3
H,flow,G,15.4
H,flow,G,16.4
H,flow,G,17.9
H,flow,G,15.6
H,flow,G,17.2
H,flow,G,15.5
H,flow,G,17.3
H,flow,G,15.5
H,flow,G,17.7
H,flow,G,17.9
H,flow,G,13.3
H,flow,G,17.3
H,flow,G,17.1
H,flow,G,15.5
I,f.control,G,15.8
I,f.control,G,16.9
I,f.control,G,17.1
I,f.control,G,15.9
I,f.control,G,13.5
I,f.control,G,16.8
I,f.control,G,16.7
I,f.control,G,15.3
I,f.control,G,16.6
I,f.control,G,15.6
I,f.control,G,16.2
I,f.control,G,14.7
I,f.control,G,18
I,f.control,G,12.3
I,f.control,G,15.5
A,flow,H,16.4
A,flow,H,17
A,flow,H,15.8
A,flow,H,15.1
A,flow,H,17.8
A,flow,H,17.7
A,flow,H,16.3
A,flow,H,13.9
A,flow,H,15.9
A,flow,H,16.2
A,flow,H,19
A,flow,H,17.6
A,flow,H,16.3
A,flow,H,14.6
A,flow,H,17.1
A,flow,H,15.7
A,flow,H,16.4
A,flow,H,15.6
A,flow,H,18.4
A,flow,H,17.4
A,flow,H,18
A,flow,H,17.7
A,flow,H,18
A,flow,H,18.4
A,flow,H,17.5
A,flow,H,18.4
A,flow,H,18.2
A,flow,H,13.8
A,flow,H,17.8
A,flow,H,16.8
A,flow,H,17.2
A,flow,H,15.9
B,f.control,H,17.3
B,f.control,H,17.3
B,f.control,H,16.7
B,f.control,H,17.9
B,f.control,H,16.6
B,f.control,H,18.8
B,f.control,H,16.1
B,f.control,H,16.1
B,f.control,H,16
B,f.control,H,16.8
B,f.control,H,16.3
B,f.control,H,15.4
B,f.control,H,16.5
B,f.control,H,16.6
B,f.control,H,16.6
B,f.control,H,17.3
B,f.control,H,16.8
B,f.control,H,15.2
B,f.control,H,15.2
B,f.control,H,16.6
B,f.control,H,16.4
B,f.control,H,14
B,f.control,H,16.6
B,f.control,H,16.1
B,f.control,H,17
B,f.control,H,15.2
B,f.control,H,16.8
B,f.control,H,17.3
B,f.control,H,15.7
B,f.control,H,16.7
C,f.control,H,16.3
C,f.control,H,17.6
C,f.control,H,15.6
C,f.control,H,18.1
C,f.control,H,15.8
C,f.control,H,16.7
C,f.control,H,17.2
C,f.control,H,18.2
C,f.control,H,12.8
C,f.control,H,17.3
C,f.control,H,16.5
C,f.control,H,15.4
C,f.control,H,17.6
C,f.control,H,13.1
C,f.control,H,16.2
C,f.control,H,15.6
C,f.control,H,16.2
C,f.control,H,15.4
C,f.control,H,18.8
C,f.control,H,16.8
C,f.control,H,17
C,f.control,H,15.3
C,f.control,H,15.8
C,f.control,H,17
C,f.control,H,16.6
C,f.control,H,13.4
D,flow,H,16.6
D,flow,H,17.5
D,flow,H,17.1
D,flow,H,16.8
D,flow,H,16.8
D,flow,H,17.6
D,flow,H,14.7
D,flow,H,16.9
D,flow,H,16.7
D,flow,H,14.5
D,flow,H,16.4
D,flow,H,14.6
D,flow,H,16.6
D,flow,H,15.6
D,flow,H,17.3
D,flow,H,16
D,flow,H,16.5
D,flow,H,15.4
D,flow,H,16.1
D,flow,H,17
D,flow,H,16.4
D,flow,H,15.3
D,flow,H,15.8
D,flow,H,15.3
D,flow,H,17.5
D,flow,H,17.8
D,flow,H,18
D,flow,H,15.8
E,f.control,H,15
E,f.control,H,15.4
E,f.control,H,14.5
E,f.control,H,16.7
E,f.control,H,16.8
E,f.control,H,15.9
E,f.control,H,16.4
E,f.control,H,12.9
E,f.control,H,15.9
E,f.control,H,14.6
E,f.control,H,16.6
E,f.control,H,15.9
E,f.control,H,15.6
E,f.control,H,16
E,f.control,H,15.3
E,f.control,H,14.6
E,f.control,H,16.6
E,f.control,H,16.4
E,f.control,H,16.3
E,f.control,H,16.8
E,f.control,H,16.5
E,f.control,H,16
E,f.control,H,16.2
E,f.control,H,17.2
E,f.control,H,14.8
E,f.control,H,15.9
E,f.control,H,15.4
E,f.control,H,16.7
E,f.control,H,17.1
E,f.control,H,14.7
E,f.control,H,15.5
E,f.control,H,16
E,f.control,H,14.3
F,flow,H,16.6
F,flow,H,16.3
F,flow,H,15.4
F,flow,H,16.9
F,flow,H,16.6
F,flow,H,15.5
F,flow,H,15
F,flow,H,16.8
F,flow,H,17.4
F,flow,H,18.3
F,flow,H,17.3
F,flow,H,15.2
F,flow,H,16.5
F,flow,H,17.6
F,flow,H,16.4
F,flow,H,16
F,flow,H,15.9
F,flow,H,18
F,flow,H,17.4
F,flow,H,15.4
F,flow,H,18.5
F,flow,H,16.4
F,flow,H,16.3
F,flow,H,16.9
F,flow,H,16
F,flow,H,16.6
H,flow,H,17.9
H,flow,H,16.4
H,flow,H,16.8
H,flow,H,17.3
H,flow,H,17
H,flow,H,16.7
H,flow,H,17.2
H,flow,H,16.5
H,flow,H,15.2
H,flow,H,16
H,flow,H,15.3
H,flow,H,16.6
H,flow,H,17.6
H,flow,H,16.8
H,flow,H,15.3
H,flow,H,17.8
H,flow,H,15.9
H,flow,H,16.3
H,flow,H,16.6
H,flow,H,10.8
H,flow,H,17.5
H,flow,H,15.4
H,flow,H,17.8
H,flow,H,16.6
H,flow,H,16
H,flow,H,17.2
H,flow,H,17.3
H,flow,H,17
I,f.control,H,17
I,f.control,H,17.6
I,f.control,H,17.6
I,f.control,H,15.9
I,f.control,H,16.5
I,f.control,H,17
I,f.control,H,14.5
I,f.control,H,14.9
I,f.control,H,17.6
I,f.control,H,16.4
I,f.control,H,15.9
I,f.control,H,15.2
I,f.control,H,16.3
I,f.control,H,16.1
I,f.control,H,16.7
I,f.control,H,17.6
I,f.control,H,16.4
I,f.control,H,17.1
I,f.control,H,15.3
I,f.control,H,15.5
I,f.control,H,16
I,f.control,H,15.1
I,f.control,H,17.3
I,f.control,H,15.5
I,f.control,H,16.8
I,f.control,H,17.1
I,f.control,H,17.2
A,flow,I,15.3
A,flow,I,15.1
A,flow,I,16.6
A,flow,I,15.2
A,flow,I,15.6
A,flow,I,16.1
A,flow,I,13
A,flow,I,17
A,flow,I,15.3
A,flow,I,14.8
A,flow,I,14.2
A,flow,I,16.4
A,flow,I,17.6
A,flow,I,16.2
A,flow,I,16.4
A,flow,I,15.8
A,flow,I,13.8
A,flow,I,16
A,flow,I,15.8
A,flow,I,16.3
A,flow,I,16.4
A,flow,I,10.2
A,flow,I,14.6
A,flow,I,16.5
A,flow,I,15.2
A,flow,I,17.6
B,f.control,I,16.1
B,f.control,I,15.4
B,f.control,I,15
B,f.control,I,16.1
B,f.control,I,15.3
B,f.control,I,14.9
B,f.control,I,16.3
B,f.control,I,15.4
B,f.control,I,15.1
B,f.control,I,16.1
B,f.control,I,17.4
B,f.control,I,17.5
B,f.control,I,16.9
B,f.control,I,15.4
B,f.control,I,14.9
B,f.control,I,16.4
B,f.control,I,14.5
B,f.control,I,17.2
B,f.control,I,17.8
B,f.control,I,15.9
B,f.control,I,16.8
B,f.control,I,16.9
B,f.control,I,14.7
B,f.control,I,14.9
B,f.control,I,18.8
B,f.control,I,16.4
B,f.control,I,15.6
B,f.control,I,16.3
B,f.control,I,16.6
B,f.control,I,15
C,f.control,I,8.4
C,f.control,I,14.6
C,f.control,I,15.7
C,f.control,I,15.2
C,f.control,I,16.5
C,f.control,I,13.3
C,f.control,I,15.7
C,f.control,I,16.1
C,f.control,I,14.9
C,f.control,I,15
C,f.control,I,14.4
C,f.control,I,15.4
C,f.control,I,15.3
C,f.control,I,15.2
C,f.control,I,11.8
C,f.control,I,16.5
C,f.control,I,16.4
C,f.control,I,15.9
C,f.control,I,13.9
C,f.control,I,15.6
C,f.control,I,12.3
C,f.control,I,12.8
C,f.control,I,16.2
C,f.control,I,14.8
D,flow,I,15.2
D,flow,I,16.5
D,flow,I,16.8
D,flow,I,10.5
D,flow,I,16.2
D,flow,I,16.4
D,flow,I,14.5
D,flow,I,16
D,flow,I,16.6
D,flow,I,15.4
D,flow,I,15.9
D,flow,I,15.1
D,flow,I,12.8
D,flow,I,14.9
D,flow,I,15.6
D,flow,I,15.2
D,flow,I,14.5
D,flow,I,14.7
D,flow,I,15.5
D,flow,I,15.8
D,flow,I,16
D,flow,I,15.6
D,flow,I,16.2
D,flow,I,13
D,flow,I,14.9
D,flow,I,14
D,flow,I,15.2
D,flow,I,17.3
D,flow,I,16.3
D,flow,I,15.8
E,f.control,I,15.3
E,f.control,I,15
E,f.control,I,13.2
E,f.control,I,17.4
E,f.control,I,16.3
E,f.control,I,15.6
E,f.control,I,14.9
E,f.control,I,16.6
E,f.control,I,16.6
E,f.control,I,14.6
E,f.control,I,15.7
E,f.control,I,15.4
E,f.control,I,12.9
E,f.control,I,15.8
E,f.control,I,15.3
E,f.control,I,15.8
E,f.control,I,14.6
E,f.control,I,14.6
E,f.control,I,16.3
E,f.control,I,15.6
E,f.control,I,16.8
E,f.control,I,14.3
E,f.control,I,15.9
E,f.control,I,16.3
E,f.control,I,15.8
E,f.control,I,16.4
E,f.control,I,16.4
E,f.control,I,14.8
E,f.control,I,15.4
E,f.control,I,14.1
E,f.control,I,15.8
F,flow,I,15.3
F,flow,I,15.4
F,flow,I,14.8
F,flow,I,16.3
F,flow,I,16
F,flow,I,16.2
F,flow,I,15.5
F,flow,I,14.4
F,flow,I,17.9
F,flow,I,15
F,flow,I,16.2
F,flow,I,16.2
F,flow,I,15
F,flow,I,14.9
F,flow,I,16.9
F,flow,I,16.5
F,flow,I,15.5
F,flow,I,15.2
F,flow,I,15.9
F,flow,I,15.5
F,flow,I,15.1
F,flow,I,16.8
F,flow,I,16.8
F,flow,I,14.8
F,flow,I,14.5
F,flow,I,15.3
F,flow,I,15.1
F,flow,I,15.3
F,flow,I,14.5
F,flow,I,13.4
H,flow,I,16.1
H,flow,I,16.3
H,flow,I,17.5
H,flow,I,16.1
H,flow,I,16.6
H,flow,I,14.9
H,flow,I,16.3
H,flow,I,17
H,flow,I,16.7
H,flow,I,15.6
H,flow,I,14.6
H,flow,I,13.2
H,flow,I,16.9
H,flow,I,15.5
H,flow,I,13.4
H,flow,I,15.8
H,flow,I,14.3
H,flow,I,15.9
H,flow,I,16
H,flow,I,16.1
H,flow,I,15.2
I,f.control,I,15.6
I,f.control,I,15.5
I,f.control,I,15.9
I,f.control,I,15.1
I,f.control,I,14.5
I,f.control,I,17
I,f.control,I,15.1
I,f.control,I,15.4
I,f.control,I,16.2
I,f.control,I,16.9
I,f.control,I,16
I,f.control,I,16.1
I,f.control,I,15.9
I,f.control,I,18
I,f.control,I,17.4
I,f.control,I,13.6
I,f.control,I,8.5
I,f.control,I,16.1
I,f.control,I,16.2
I,f.control,I,15
I,f.control,I,16
I,f.control,I,15.7
I,f.control,I,15.2
I,f.control,I,13.3
I,f.control,I,15
I,f.control,I,16
A,flow,J,15.3
A,flow,J,16
A,flow,J,16
A,flow,J,14.9
A,flow,J,14.4
A,flow,J,15
A,flow,J,14.3
A,flow,J,14.6
A,flow,J,14.6
A,flow,J,10.9
A,flow,J,15
A,flow,J,15.5
A,flow,J,16.5
A,flow,J,16.5
B,f.control,J,16.7
B,f.control,J,10.2
B,f.control,J,14
B,f.control,J,10.6
B,f.control,J,16.5
B,f.control,J,13.2
B,f.control,J,14.8
B,f.control,J,11.6
B,f.control,J,16
B,f.control,J,15.3
B,f.control,J,16.5
B,f.control,J,12.5
B,f.control,J,14.8
B,f.control,J,14.6
B,f.control,J,16.8
B,f.control,J,15.6
B,f.control,J,15.4
B,f.control,J,15.4
B,f.control,J,15.1
C,f.control,J,14
C,f.control,J,11.8
C,f.control,J,14.2
C,f.control,J,16.2
C,f.control,J,11.5
C,f.control,J,15.8
C,f.control,J,14.9
C,f.control,J,15.2
C,f.control,J,15.1
C,f.control,J,10.6
C,f.control,J,15.5
C,f.control,J,15.4
C,f.control,J,11
C,f.control,J,16.3
C,f.control,J,14.5
C,f.control,J,9.5
D,flow,J,12.4
D,flow,J,15.5
D,flow,J,15.9
D,flow,J,11.9
D,flow,J,16.5
D,flow,J,13
D,flow,J,15.6
D,flow,J,14.3
D,flow,J,15.1
D,flow,J,14.2
D,flow,J,14
D,flow,J,14.5
D,flow,J,10.6
E,f.control,J,15.1
E,f.control,J,10
E,f.control,J,14.5
E,f.control,J,13
E,f.control,J,12.7
E,f.control,J,12.4
E,f.control,J,14.4
E,f.control,J,14.7
E,f.control,J,14.7
E,f.control,J,15
E,f.control,J,15.7
E,f.control,J,15
E,f.control,J,15.2
E,f.control,J,16.1
F,flow,J,15.2
F,flow,J,12.9
F,flow,J,12.9
F,flow,J,14.8
F,flow,J,15
F,flow,J,13.8
F,flow,J,15.9
F,flow,J,12.4
F,flow,J,9.8
F,flow,J,14.7
F,flow,J,14
F,flow,J,11.6
F,flow,J,17
F,flow,J,13.2
F,flow,J,15
F,flow,J,16
F,flow,J,15.1
F,flow,J,12.7
F,flow,J,12.6
F,flow,J,9.9
F,flow,J,15.1
F,flow,J,11.2
H,flow,J,15.8
H,flow,J,15.8
H,flow,J,16.5
H,flow,J,15
H,flow,J,15.9
H,flow,J,13.8
H,flow,J,15.8
H,flow,J,12.5
H,flow,J,11.1
H,flow,J,16
H,flow,J,15.6
H,flow,J,15.4
H,flow,J,14.7
H,flow,J,15.6
H,flow,J,16.2
H,flow,J,14.6
I,f.control,J,14.6
I,f.control,J,14.5
I,f.control,J,16
I,f.control,J,10.8
I,f.control,J,15.4
I,f.control,J,14.5
I,f.control,J,15
I,f.control,J,15.9
I,f.control,J,9.7
I,f.control,J,14.8
I,f.control,J,15.9
I,f.control,J,15.4
I,f.control,J,14.8
I,f.control,J,16
I,f.control,J,15
I,f.control,J,16.6
I,f.control,J,14.4
A,flow,K,16.6
A,flow,K,18
A,flow,K,16.2
A,flow,K,15.9
A,flow,K,17.5
A,flow,K,15.3
A,flow,K,18
A,flow,K,16
A,flow,K,14.9
A,flow,K,16.3
A,flow,K,17.5
A,flow,K,17.5
A,flow,K,17.4
A,flow,K,17.5
A,flow,K,16
A,flow,K,16.6
A,flow,K,15.5
A,flow,K,17.5
A,flow,K,16
A,flow,K,17
A,flow,K,17
A,flow,K,15.9
A,flow,K,16.5
A,flow,K,15.5
A,flow,K,17.9
A,flow,K,14.9
A,flow,K,17
A,flow,K,16.6
A,flow,K,14
A,flow,K,16.8
A,flow,K,17.5
A,flow,K,15.4
B,f.control,K,18
B,f.control,K,16.2
B,f.control,K,14.8
B,f.control,K,16.7
B,f.control,K,16.8
B,f.control,K,15.6
B,f.control,K,17
B,f.control,K,14.9
B,f.control,K,15.5
B,f.control,K,17.2
B,f.control,K,15.6
B,f.control,K,14.1
B,f.control,K,16.1
B,f.control,K,16.1
B,f.control,K,16.6
B,f.control,K,15.6
B,f.control,K,9.1
B,f.control,K,15.4
B,f.control,K,16.1
B,f.control,K,17.3
B,f.control,K,15.5
B,f.control,K,16.4
B,f.control,K,16.2
B,f.control,K,16
B,f.control,K,16.3
B,f.control,K,15.5
B,f.control,K,17.3
B,f.control,K,17.6
B,f.control,K,15.6
B,f.control,K,14.9
B,f.control,K,16.3
C,f.control,K,16.6
C,f.control,K,16
C,f.control,K,16.6
C,f.control,K,17
C,f.control,K,16.3
C,f.control,K,16.5
C,f.control,K,16.6
C,f.control,K,14.9
C,f.control,K,16.7
C,f.control,K,16.2
C,f.control,K,17.7
C,f.control,K,17.5
C,f.control,K,17.5
C,f.control,K,16
C,f.control,K,16.1
C,f.control,K,16.2
C,f.control,K,16.3
C,f.control,K,15.1
C,f.control,K,15.2
C,f.control,K,12.7
C,f.control,K,16.5
C,f.control,K,14.2
C,f.control,K,17
C,f.control,K,16.7
C,f.control,K,17.1
C,f.control,K,17.8
C,f.control,K,17.1
C,f.control,K,16.2
C,f.control,K,11.2
C,f.control,K,15.9
C,f.control,K,17.4
C,f.control,K,17.2
C,f.control,K,15.9
C,f.control,K,15.2
D,flow,K,16.7
D,flow,K,16.6
D,flow,K,16.5
D,flow,K,16.4
D,flow,K,15
D,flow,K,16.8
D,flow,K,16.4
D,flow,K,14.4
D,flow,K,17.3
D,flow,K,16.5
D,flow,K,17.1
D,flow,K,15.5
D,flow,K,17
D,flow,K,15.3
D,flow,K,15.7
D,flow,K,15.8
D,flow,K,14.1
D,flow,K,15.5
D,flow,K,15.6
D,flow,K,14.9
D,flow,K,15.9
D,flow,K,15.9
D,flow,K,17
D,flow,K,15.7
D,flow,K,15.8
D,flow,K,16.7
D,flow,K,15
D,flow,K,17
D,flow,K,15.8
D,flow,K,16.3
D,flow,K,15.3
D,flow,K,16.9
D,flow,K,16.8
D,flow,K,16.8
D,flow,K,16
D,flow,K,16.2
E,f.control,K,14.3
E,f.control,K,15.6
E,f.control,K,16.1
E,f.control,K,15.4
E,f.control,K,15.3
E,f.control,K,15.6
E,f.control,K,16.9
E,f.control,K,15.8
E,f.control,K,16.1
E,f.control,K,16.3
E,f.control,K,15.7
E,f.control,K,16.4
E,f.control,K,16
E,f.control,K,16.3
E,f.control,K,16.3
E,f.control,K,16.2
E,f.control,K,15.4
E,f.control,K,16.5
E,f.control,K,16.9
E,f.control,K,16.3
E,f.control,K,16.6
E,f.control,K,16.5
E,f.control,K,16.2
E,f.control,K,17
E,f.control,K,16.2
E,f.control,K,16.8
E,f.control,K,16.1
E,f.control,K,16.8
E,f.control,K,16.3
E,f.control,K,17.4
E,f.control,K,17
E,f.control,K,16.1
E,f.control,K,15.3
E,f.control,K,16.9
E,f.control,K,16.4
E,f.control,K,15.9
F,flow,K,17.6
F,flow,K,18.6
F,flow,K,17.3
F,flow,K,16
F,flow,K,16.6
F,flow,K,16.2
F,flow,K,16.6
F,flow,K,16.6
F,flow,K,16.2
F,flow,K,16.2
F,flow,K,15.2
F,flow,K,14.2
F,flow,K,16.5
F,flow,K,16.5
F,flow,K,16.6
F,flow,K,17.1
F,flow,K,15
F,flow,K,16.6
F,flow,K,14.4
F,flow,K,17
F,flow,K,16.4
F,flow,K,17
F,flow,K,17
F,flow,K,16
F,flow,K,14.5
F,flow,K,16.5
F,flow,K,17.5
F,flow,K,16.5
F,flow,K,14
H,flow,K,16.1
H,flow,K,16.6
H,flow,K,15.4
H,flow,K,12.9
H,flow,K,16.5
H,flow,K,16.3
H,flow,K,16.5
H,flow,K,18.5
H,flow,K,16.8
H,flow,K,15.5
H,flow,K,15.6
H,flow,K,15.9
H,flow,K,17.5
H,flow,K,18.5
H,flow,K,16.6
H,flow,K,17.4
H,flow,K,16.4
H,flow,K,15.3
H,flow,K,16.4
H,flow,K,15.8
H,flow,K,16.8
H,flow,K,16.8
H,flow,K,16.2
H,flow,K,17.4
H,flow,K,16.2
H,flow,K,16.5
H,flow,K,16.2
H,flow,K,17
H,flow,K,17.4
H,flow,K,16.3
I,f.control,K,16.7
I,f.control,K,16.1
I,f.control,K,16.3
I,f.control,K,15.9
I,f.control,K,17.8
I,f.control,K,15.2
I,f.control,K,14.8
I,f.control,K,16
I,f.control,K,15.4
I,f.control,K,16
I,f.control,K,16
I,f.control,K,16.7
I,f.control,K,15.7
I,f.control,K,15.3
I,f.control,K,16
I,f.control,K,17
I,f.control,K,18.7
I,f.control,K,14
I,f.control,K,17
I,f.control,K,17
I,f.control,K,16.5
I,f.control,K,17.4
I,f.control,K,14.5
I,f.control,K,16.9
I,f.control,K,16
I,f.control,K,18.4
I,f.control,K,15.9
I,f.control,K,14.6
I,f.control,K,17.3
I,f.control,K,15.6
I,f.control,K,18
I,f.control,K,16.9
I,f.control,K,18.6
A,flow,L,19.5
A,flow,L,17.4
A,flow,L,16
A,flow,L,16
A,flow,L,16
A,flow,L,16.5
A,flow,L,15.8
A,flow,L,16
A,flow,L,17.9
A,flow,L,17.2
A,flow,L,16.3
A,flow,L,16.5
A,flow,L,16.1
A,flow,L,18.8
A,flow,L,17
A,flow,L,18
A,flow,L,18
A,flow,L,16.2
A,flow,L,15
A,flow,L,15.3
A,flow,L,17.3
A,flow,L,17.3
A,flow,L,18.1
A,flow,L,16.7
A,flow,L,17
B,f.control,L,17.6
B,f.control,L,16.8
B,f.control,L,16.9
B,f.control,L,17.9
B,f.control,L,15.4
B,f.control,L,10.4
B,f.control,L,16.2
B,f.control,L,16.9
B,f.control,L,14.2
B,f.control,L,14.2
B,f.control,L,15.8
B,f.control,L,15.4
B,f.control,L,15.8
B,f.control,L,16.1
B,f.control,L,17
B,f.control,L,17.3
B,f.control,L,15.4
B,f.control,L,15.1
B,f.control,L,15
B,f.control,L,13.8
B,f.control,L,16.7
B,f.control,L,18.4
B,f.control,L,16.4
B,f.control,L,18.2
B,f.control,L,16.7
B,f.control,L,15.6
B,f.control,L,16.4
C,f.control,L,15
C,f.control,L,17.4
C,f.control,L,16.6
C,f.control,L,15.8
C,f.control,L,15
C,f.control,L,15.2
C,f.control,L,18.4
C,f.control,L,16
C,f.control,L,15.5
C,f.control,L,16.5
C,f.control,L,18.6
C,f.control,L,15
C,f.control,L,14.8
C,f.control,L,15.1
C,f.control,L,16.5
C,f.control,L,14.7
C,f.control,L,16.5
C,f.control,L,16.7
C,f.control,L,17.1
C,f.control,L,14.9
C,f.control,L,15.7
C,f.control,L,18.9
C,f.control,L,17.3
C,f.control,L,14.6
C,f.control,L,16.2
C,f.control,L,16
C,f.control,L,15.4
C,f.control,L,17
C,f.control,L,15.5
C,f.control,L,17.2
C,f.control,L,17.1
C,f.control,L,15.7
D,flow,L,8.9
D,flow,L,17.3
D,flow,L,16.4
D,flow,L,15.9
D,flow,L,16.6
D,flow,L,16.8
D,flow,L,16.1
D,flow,L,17
D,flow,L,14.2
D,flow,L,16.3
D,flow,L,15.2
D,flow,L,15.3
D,flow,L,16.5
D,flow,L,17.8
D,flow,L,18.8
D,flow,L,16.8
D,flow,L,9.4
D,flow,L,17.4
D,flow,L,17
D,flow,L,15.6
D,flow,L,17.1
D,flow,L,16.1
D,flow,L,17.6
D,flow,L,15.5
D,flow,L,15.7
D,flow,L,16.1
D,flow,L,17.9
D,flow,L,17.4
D,flow,L,16.8
D,flow,L,17.1
D,flow,L,15.2
D,flow,L,14.2
D,flow,L,16
D,flow,L,17.2
E,f.control,L,16.2
E,f.control,L,15.7
E,f.control,L,17.1
E,f.control,L,15.3
E,f.control,L,11.6
E,f.control,L,14.6
E,f.control,L,14.6
E,f.control,L,16.7
E,f.control,L,12.4
E,f.control,L,15.7
E,f.control,L,14.2
E,f.control,L,13.5
E,f.control,L,15.8
E,f.control,L,17.3
E,f.control,L,15.9
E,f.control,L,16.4
E,f.control,L,13.8
E,f.control,L,15.3
E,f.control,L,15.3
E,f.control,L,15.9
E,f.control,L,15.3
E,f.control,L,16
E,f.control,L,16.1
E,f.control,L,14.6
E,f.control,L,15.6
E,f.control,L,15.8
E,f.control,L,15.6
E,f.control,L,15
F,flow,L,17.5
F,flow,L,15.8
F,flow,L,15.3
F,flow,L,10.7
F,flow,L,15.1
F,flow,L,15.7
F,flow,L,16.4
F,flow,L,16.8
F,flow,L,16.9
F,flow,L,14.8
F,flow,L,15.5
F,flow,L,15.5
F,flow,L,17
F,flow,L,15.5
F,flow,L,17
F,flow,L,16.1
F,flow,L,16.3
F,flow,L,15.8
F,flow,L,17.9
F,flow,L,14.9
F,flow,L,16
F,flow,L,17.1
F,flow,L,15.8
F,flow,L,15.9
F,flow,L,16.6
F,flow,L,15.2
F,flow,L,17.5
F,flow,L,14.8
F,flow,L,17.1
F,flow,L,17.4
F,flow,L,16
H,flow,L,15.9
H,flow,L,15.9
H,flow,L,17
H,flow,L,15.7
H,flow,L,16.3
H,flow,L,16
H,flow,L,14.5
H,flow,L,16.8
H,flow,L,16.4
H,flow,L,16.4
H,flow,L,16.2
H,flow,L,14
H,flow,L,17.1
H,flow,L,16.8
H,flow,L,17.1
H,flow,L,13.3
H,flow,L,15.2
H,flow,L,16.3
H,flow,L,17.4
H,flow,L,16.1
H,flow,L,18.4
H,flow,L,16.7
I,f.control,L,16.4
I,f.control,L,15
I,f.control,L,17.8
I,f.control,L,15.3
I,f.control,L,15.9
I,f.control,L,17.3
I,f.control,L,15.4
I,f.control,L,15.6
I,f.control,L,16.7
I,f.control,L,16.7
I,f.control,L,17.9
I,f.control,L,16.3
I,f.control,L,14.2
I,f.control,L,11.8
I,f.control,L,18.8
I,f.control,L,14.3
I,f.control,L,15
I,f.control,L,14
I,f.control,L,16
I,f.control,L,17
I,f.control,L,15.4
I,f.control,L,17.5
I,f.control,L,13.3
I,f.control,L,17.4
I,f.control,L,17.7
I,f.control,L,15.8
I,f.control,L,18.6
I,f.control,L,14.5
A,flow,M,17.6
A,flow,M,16.7
A,flow,M,15.9
A,flow,M,14.2
A,flow,M,15
A,flow,M,17.5
A,flow,M,16.5
A,flow,M,16.4
A,flow,M,13.8
A,flow,M,16.5
A,flow,M,17.7
A,flow,M,15.6
A,flow,M,16.2
A,flow,M,17
A,flow,M,17.4
A,flow,M,17.4
B,f.control,M,15.8
B,f.control,M,15.2
B,f.control,M,14.8
B,f.control,M,16.4
B,f.control,M,16.9
B,f.control,M,15.1
B,f.control,M,17.6
B,f.control,M,16.3
B,f.control,M,17.8
B,f.control,M,16.5
B,f.control,M,16.7
B,f.control,M,17.3
B,f.control,M,18
B,f.control,M,17.4
B,f.control,M,15.5
B,f.control,M,16.5
C,f.control,M,16
C,f.control,M,16.4
C,f.control,M,16.1
C,f.control,M,15.7
C,f.control,M,16.5
C,f.control,M,16.8
C,f.control,M,17
C,f.control,M,16.6
C,f.control,M,16.5
C,f.control,M,17.5
C,f.control,M,16.8
C,f.control,M,16
C,f.control,M,16.4
C,f.control,M,15.3
C,f.control,M,16.7
C,f.control,M,16.4
C,f.control,M,15
C,f.control,M,16.2
C,f.control,M,15.4
C,f.control,M,14.7
C,f.control,M,16.9
C,f.control,M,16.1
D,flow,M,15.5
D,flow,M,17.3
D,flow,M,17.4
D,flow,M,15.6
D,flow,M,16.3
D,flow,M,17.1
D,flow,M,16.4
D,flow,M,15.9
D,flow,M,17.7
D,flow,M,16
D,flow,M,17.3
D,flow,M,16.6
D,flow,M,16.8
D,flow,M,17
D,flow,M,15.7
D,flow,M,15.2
E,f.control,M,14.7
E,f.control,M,14.6
E,f.control,M,14.7
E,f.control,M,12.5
E,f.control,M,16.9
E,f.control,M,16.4
E,f.control,M,15.9
E,f.control,M,16.9
E,f.control,M,15.9
E,f.control,M,16.8
E,f.control,M,15.2
E,f.control,M,15.5
E,f.control,M,14.3
F,flow,M,17.4
F,flow,M,17.6
F,flow,M,16.9
F,flow,M,15.1
F,flow,M,15.4
F,flow,M,16.5
F,flow,M,17.5
F,flow,M,15.4
F,flow,M,17.1
F,flow,M,12.8
F,flow,M,16.8
F,flow,M,16.7
F,flow,M,17.3
F,flow,M,15.6
F,flow,M,16.6
F,flow,M,16.3
F,flow,M,17.9
F,flow,M,16
F,flow,M,16
F,flow,M,17.3
F,flow,M,16.5
F,flow,M,18.2
F,flow,M,15.5
F,flow,M,18.3
H,flow,M,15.5
H,flow,M,17.2
H,flow,M,19
H,flow,M,17.6
H,flow,M,15.6
H,flow,M,17.1
H,flow,M,16.5
I,f.control,M,16.7
I,f.control,M,16.7
I,f.control,M,16
I,f.control,M,15.9
I,f.control,M,16.4
I,f.control,M,16.4
I,f.control,M,16.2
I,f.control,M,15.7
I,f.control,M,16.4
I,f.control,M,16.3
I,f.control,M,16.6
I,f.control,M,16.2
I,f.control,M,16.4
I,f.control,M,16.8
I,f.control,M,15.1
I,f.control,M,17.4
I,f.control,M,16.9
A,flow,N,17.1
A,flow,N,16.6
A,flow,N,16.4
A,flow,N,15.8
A,flow,N,16.9
A,flow,N,17.4
A,flow,N,17
A,flow,N,15.2
A,flow,N,18.9
A,flow,N,15.6
A,flow,N,18.1
A,flow,N,15.4
A,flow,N,15.8
A,flow,N,17.1
A,flow,N,15.6
A,flow,N,15
A,flow,N,17
A,flow,N,15.2
A,flow,N,16.4
A,flow,N,19.2
A,flow,N,16.6
A,flow,N,16.5
A,flow,N,17.5
A,flow,N,15.5
A,flow,N,17.2
A,flow,N,17
A,flow,N,17.5
A,flow,N,15.7
A,flow,N,17.9
A,flow,N,17
A,flow,N,18.2
A,flow,N,15.5
B,f.control,N,14.9
B,f.control,N,16.3
B,f.control,N,14.4
B,f.control,N,14.8
B,f.control,N,18
B,f.control,N,16.3
B,f.control,N,15.2
B,f.control,N,15.8
B,f.control,N,14.3
B,f.control,N,15.4
B,f.control,N,17.2
B,f.control,N,16.3
B,f.control,N,16.6
B,f.control,N,14.1
B,f.control,N,15.6
B,f.control,N,16
B,f.control,N,13.4
B,f.control,N,13.4
B,f.control,N,16
B,f.control,N,17.1
B,f.control,N,17
B,f.control,N,15.6
B,f.control,N,15
B,f.control,N,15.8
B,f.control,N,18
B,f.control,N,17
B,f.control,N,15.4
B,f.control,N,16.8
B,f.control,N,16.8
B,f.control,N,15.7
B,f.control,N,16.2
B,f.control,N,14.6
C,f.control,N,15.3
C,f.control,N,14.7
C,f.control,N,16.6
C,f.control,N,15.9
C,f.control,N,15.5
C,f.control,N,17
C,f.control,N,15.9
C,f.control,N,16.3
C,f.control,N,16
C,f.control,N,15.4
C,f.control,N,15.1
C,f.control,N,16.6
C,f.control,N,15.8
C,f.control,N,13.6
C,f.control,N,15
C,f.control,N,16.1
C,f.control,N,15.9
C,f.control,N,15.7
C,f.control,N,15.5
C,f.control,N,14.7
C,f.control,N,16.8
C,f.control,N,16.5
C,f.control,N,15.8
C,f.control,N,15.2
C,f.control,N,15.1
C,f.control,N,16.3
C,f.control,N,17
C,f.control,N,15.4
C,f.control,N,15.9
D,flow,N,15.4
D,flow,N,17.3
D,flow,N,17.2
D,flow,N,17.5
D,flow,N,16.4
D,flow,N,18
D,flow,N,16.6
D,flow,N,15.9
D,flow,N,16.6
D,flow,N,14.6
D,flow,N,17.3
D,flow,N,15
D,flow,N,16.3
D,flow,N,17.5
D,flow,N,15.2
D,flow,N,16.1
D,flow,N,15.4
D,flow,N,16.1
D,flow,N,17.6
D,flow,N,15.2
D,flow,N,17.5
D,flow,N,15.7
D,flow,N,14.5
D,flow,N,16
D,flow,N,16
D,flow,N,14.5
D,flow,N,15.6
E,f.control,N,13.5
E,f.control,N,15.4
E,f.control,N,9.3
E,f.control,N,15
E,f.control,N,14
E,f.control,N,14
E,f.control,N,14.9
E,f.control,N,15.2
E,f.control,N,16.1
E,f.control,N,15
E,f.control,N,16.1
E,f.control,N,14.4
E,f.control,N,17.2
E,f.control,N,15
E,f.control,N,16.8
E,f.control,N,15.5
E,f.control,N,15
E,f.control,N,15.4
E,f.control,N,16
E,f.control,N,14.8
E,f.control,N,16.8
E,f.control,N,15.3
E,f.control,N,14.6
E,f.control,N,16.3
E,f.control,N,16.8
E,f.control,N,15.1
E,f.control,N,16
E,f.control,N,15.5
E,f.control,N,17.1
E,f.control,N,15.4
E,f.control,N,17.3
E,f.control,N,16.5
E,f.control,N,15.7
F,flow,N,14.8
F,flow,N,16.2
F,flow,N,13.5
F,flow,N,16
F,flow,N,15
F,flow,N,15.2
F,flow,N,16.9
F,flow,N,17
F,flow,N,15.5
F,flow,N,18.6
F,flow,N,17.5
F,flow,N,16.3
F,flow,N,16
F,flow,N,16.7
F,flow,N,17.5
F,flow,N,16.3
F,flow,N,18
F,flow,N,16
F,flow,N,16
F,flow,N,15.1
F,flow,N,17.7
F,flow,N,17.8
F,flow,N,15.4
F,flow,N,16.8
F,flow,N,17
F,flow,N,16.4
F,flow,N,16
F,flow,N,16.3
F,flow,N,15.5
F,flow,N,16.6
F,flow,N,16.8
F,flow,N,16.5
F,flow,N,16.1
H,flow,N,14.8
H,flow,N,16.6
H,flow,N,15.6
H,flow,N,16.3
H,flow,N,17.9
H,flow,N,16.6
H,flow,N,17.9
H,flow,N,18.1
H,flow,N,17.8
H,flow,N,15.8
H,flow,N,16.5
H,flow,N,15.5
H,flow,N,16.2
H,flow,N,16.1
H,flow,N,17
H,flow,N,16
H,flow,N,16.6
H,flow,N,17
H,flow,N,17.1
H,flow,N,16.7
H,flow,N,16.2
H,flow,N,16.8
H,flow,N,16.4
H,flow,N,16.2
H,flow,N,16.3
H,flow,N,15.8
H,flow,N,15.4
H,flow,N,16.3
H,flow,N,17.3
H,flow,N,14.9
H,flow,N,16.7
H,flow,N,16.5
H,flow,N,15.2
H,flow,N,16
I,f.control,N,16.3
I,f.control,N,16.8
I,f.control,N,16.2
I,f.control,N,16.6
I,f.control,N,16
I,f.control,N,17.6
I,f.control,N,16.8
I,f.control,N,16.6
I,f.control,N,16
I,f.control,N,17.3
I,f.control,N,14.6
I,f.control,N,15.7
I,f.control,N,16.6
I,f.control,N,15.3
I,f.control,N,16.5
I,f.control,N,17
I,f.control,N,15.8
I,f.control,N,15.9
I,f.control,N,16.6
I,f.control,N,15.9
I,f.control,N,13.9
I,f.control,N,15.9
I,f.control,N,16.2
I,f.control,N,14.4
I,f.control,N,16
I,f.control,N,16.2
I,f.control,N,16
I,f.control,N,16.3
I,f.control,N,15.4
I,f.control,N,17.6
A,flow,O,17.4
A,flow,O,15.1
A,flow,O,15.8
A,flow,O,16
A,flow,O,14.8
A,flow,O,16.3
A,flow,O,17.2
A,flow,O,15.4
A,flow,O,16.1
A,flow,O,15
A,flow,O,16.5
A,flow,O,16.9
A,flow,O,15.5
A,flow,O,15.9
A,flow,O,16.3
A,flow,O,17.1
A,flow,O,16.2
A,flow,O,16.7
A,flow,O,16.4
A,flow,O,17.2
A,flow,O,15.6
A,flow,O,16.2
A,flow,O,15.9
A,flow,O,17.1
A,flow,O,16.1
A,flow,O,15.4
A,flow,O,15.8
A,flow,O,15.1
A,flow,O,16.2
A,flow,O,15.8
A,flow,O,15.3
B,f.control,O,16.8
B,f.control,O,16
B,f.control,O,15.6
B,f.control,O,14.9
B,f.control,O,15.5
B,f.control,O,14.3
B,f.control,O,15.8
B,f.control,O,16.3
B,f.control,O,16.4
B,f.control,O,15.3
B,f.control,O,17
B,f.control,O,15.1
B,f.control,O,15.8
B,f.control,O,15.6
B,f.control,O,16.3
B,f.control,O,15.6
B,f.control,O,14.2
B,f.control,O,16
B,f.control,O,14.9
B,f.control,O,16.3
B,f.control,O,15.3
B,f.control,O,14.7
B,f.control,O,16.2
B,f.control,O,15.3
B,f.control,O,17
B,f.control,O,16.8
B,f.control,O,17.9
B,f.control,O,15.8
B,f.control,O,16.8
B,f.control,O,16
B,f.control,O,16.5
B,f.control,O,16.3
B,f.control,O,16.3
C,f.control,O,15.3
C,f.control,O,15.2
C,f.control,O,14.6
C,f.control,O,16.5
C,f.control,O,17.5
C,f.control,O,15.4
C,f.control,O,16.6
C,f.control,O,15.9
C,f.control,O,17.5
C,f.control,O,15.2
C,f.control,O,15.5
C,f.control,O,13.3
C,f.control,O,15.5
C,f.control,O,16.4
C,f.control,O,15.8
C,f.control,O,16.6
C,f.control,O,17
C,f.control,O,15
C,f.control,O,15.2
C,f.control,O,16.2
C,f.control,O,15.6
C,f.control,O,15
C,f.control,O,15.1
C,f.control,O,16
C,f.control,O,13.2
C,f.control,O,15.9
C,f.control,O,15.5
C,f.control,O,16.6
C,f.control,O,16.8
C,f.control,O,16.3
C,f.control,O,16.3
C,f.control,O,16
D,flow,O,16.1
D,flow,O,15.1
D,flow,O,14.6
D,flow,O,15.3
D,flow,O,16
D,flow,O,15.4
D,flow,O,15.1
D,flow,O,16.3
D,flow,O,16.5
D,flow,O,15.8
D,flow,O,16.1
D,flow,O,16.3
D,flow,O,16.8
D,flow,O,16.3
D,flow,O,17.4
D,flow,O,16.3
D,flow,O,16.6
D,flow,O,16.2
D,flow,O,15.7
D,flow,O,15.5
D,flow,O,16.3
D,flow,O,16.3
D,flow,O,16.6
D,flow,O,16.8
D,flow,O,15.9
D,flow,O,16.7
D,flow,O,14.7
D,flow,O,16.6
D,flow,O,14.8
D,flow,O,15.4
D,flow,O,17
D,flow,O,17.2
D,flow,O,16.7
E,f.control,O,14.8
E,f.control,O,14.4
E,f.control,O,16.1
E,f.control,O,14.6
E,f.control,O,15.8
E,f.control,O,16.3
E,f.control,O,15.8
E,f.control,O,13.6
E,f.control,O,14.5
E,f.control,O,15.2
E,f.control,O,14.4
E,f.control,O,14.4
E,f.control,O,15.2
E,f.control,O,14.9
E,f.control,O,15.8
E,f.control,O,14.6
E,f.control,O,14.8
E,f.control,O,15.5
E,f.control,O,16
E,f.control,O,15.2
E,f.control,O,15.3
E,f.control,O,15.3
E,f.control,O,15.6
E,f.control,O,16.9
E,f.control,O,14.4
E,f.control,O,14.3
E,f.control,O,15.7
E,f.control,O,15.2
E,f.control,O,14.5
E,f.control,O,14.8
F,flow,O,15.8
F,flow,O,16.4
F,flow,O,15.5
F,flow,O,15.6
F,flow,O,17.5
F,flow,O,15.3
F,flow,O,15.3
F,flow,O,15.2
F,flow,O,15.6
F,flow,O,16
F,flow,O,16.2
F,flow,O,15.5
F,flow,O,15.4
F,flow,O,15.3
F,flow,O,16
F,flow,O,14.1
F,flow,O,16.3
F,flow,O,15.3
F,flow,O,15.8
F,flow,O,15.1
F,flow,O,15.9
F,flow,O,15.4
F,flow,O,15.4
F,flow,O,14.5
F,flow,O,17.9
F,flow,O,17.4
F,flow,O,15.3
F,flow,O,16.1
F,flow,O,16.2
F,flow,O,15.9
F,flow,O,15.3
F,flow,O,15.4
F,flow,O,17.3
F,flow,O,16.6
F,flow,O,14
H,flow,O,15.2
H,flow,O,15.9
H,flow,O,17.4
H,flow,O,17.1
H,flow,O,15.7
H,flow,O,16.7
H,flow,O,15.9
H,flow,O,15.8
H,flow,O,15.5
H,flow,O,16.2
H,flow,O,15.8
H,flow,O,16.3
H,flow,O,17.1
H,flow,O,15
H,flow,O,17
H,flow,O,16.8
H,flow,O,16
H,flow,O,16.3
H,flow,O,15.6
H,flow,O,15.8
H,flow,O,15.2
H,flow,O,16.6
H,flow,O,16.8
H,flow,O,15.5
H,flow,O,14.9
H,flow,O,14.9
H,flow,O,14.8
H,flow,O,16.2
H,flow,O,15.7
H,flow,O,17.1
H,flow,O,16.3
H,flow,O,14.8
I,f.control,O,16.4
I,f.control,O,15.1
I,f.control,O,17.2
I,f.control,O,16.3
I,f.control,O,15.3
I,f.control,O,16.8
I,f.control,O,16.7
I,f.control,O,17.5
I,f.control,O,16.2
I,f.control,O,15.1
I,f.control,O,14.8
I,f.control,O,15.4
I,f.control,O,15.1
I,f.control,O,15.9
I,f.control,O,17.1
I,f.control,O,17.4
I,f.control,O,16.6
I,f.control,O,16.9
I,f.control,O,16.8
I,f.control,O,14.1
I,f.control,O,17
I,f.control,O,15.4
I,f.control,O,14.5
I,f.control,O,16.5
I,f.control,O,15.8
I,f.control,O,15.5
I,f.control,O,15.5
I,f.control,O,12.4
I,f.control,O,16.8
I,f.control,O,15.6
I,f.control,O,15.8
I,f.control,O,15
I,f.control,O,17.5
A,flow,P,16.4
A,flow,P,16
A,flow,P,15.2
A,flow,P,14.4
A,flow,P,15.4
A,flow,P,14
A,flow,P,14
A,flow,P,14.6
A,flow,P,17
A,flow,P,17.5
A,flow,P,16.1
A,flow,P,16
A,flow,P,15.9
A,flow,P,15.9
A,flow,P,15.5
A,flow,P,14.4
A,flow,P,16.1
A,flow,P,16.5
A,flow,P,15
A,flow,P,16
A,flow,P,16
A,flow,P,17.6
A,flow,P,13.2
A,flow,P,16.1
A,flow,P,14.9
A,flow,P,15.2
A,flow,P,15.5
A,flow,P,15.3
A,flow,P,15.5
A,flow,P,17.1
A,flow,P,15.5
A,flow,P,11.9
A,flow,P,18.2
A,flow,P,16.8
A,flow,P,12.6
A,flow,P,10.9
B,f.control,P,15.3
B,f.control,P,15.1
B,f.control,P,15.6
B,f.control,P,14.3
B,f.control,P,14.2
B,f.control,P,14.6
B,f.control,P,14.9
B,f.control,P,13.6
B,f.control,P,16.4
B,f.control,P,15.3
B,f.control,P,16.2
B,f.control,P,16.1
B,f.control,P,16
B,f.control,P,15.3
B,f.control,P,17.4
B,f.control,P,10
B,f.control,P,16.1
B,f.control,P,14.9
B,f.control,P,15.3
B,f.control,P,14.7
B,f.control,P,17.1
B,f.control,P,13.6
B,f.control,P,14.9
B,f.control,P,15.8
B,f.control,P,13.6
B,f.control,P,14.6
B,f.control,P,17.5
B,f.control,P,14.9
B,f.control,P,17.6
B,f.control,P,14.8
B,f.control,P,15.1
C,f.control,P,10.7
C,f.control,P,13.5
C,f.control,P,14.3
C,f.control,P,15.3
C,f.control,P,15
C,f.control,P,11.3
C,f.control,P,14.4
C,f.control,P,14.1
C,f.control,P,16
C,f.control,P,15.3
C,f.control,P,16.2
C,f.control,P,11.4
C,f.control,P,14.3
C,f.control,P,13.8
C,f.control,P,15.6
C,f.control,P,15.5
C,f.control,P,15.4
C,f.control,P,15.7
C,f.control,P,14.8
C,f.control,P,16
C,f.control,P,15.1
C,f.control,P,14.2
C,f.control,P,14.9
C,f.control,P,15.7
C,f.control,P,16
C,f.control,P,11.8
C,f.control,P,14
C,f.control,P,15.7
C,f.control,P,10.4
C,f.control,P,16.2
C,f.control,P,13
C,f.control,P,16
D,flow,P,14.7
D,flow,P,16.3
D,flow,P,15.8
D,flow,P,10.8
D,flow,P,15.4
D,flow,P,16
D,flow,P,14.3
D,flow,P,15.5
D,flow,P,17.6
D,flow,P,15.9
D,flow,P,16.2
D,flow,P,14.4
D,flow,P,15.1
D,flow,P,16.3
D,flow,P,10.1
D,flow,P,14.7
D,flow,P,15.1
D,flow,P,15.6
D,flow,P,15.4
D,flow,P,16.6
D,flow,P,16.6
D,flow,P,15
D,flow,P,14.1
D,flow,P,16.1
D,flow,P,16
D,flow,P,14.3
D,flow,P,14.8
D,flow,P,15.9
D,flow,P,14.1
D,flow,P,16.3
D,flow,P,16.1
D,flow,P,15.7
D,flow,P,15.3
D,flow,P,15.8
E,f.control,P,14.2
E,f.control,P,14.5
E,f.control,P,14.1
E,f.control,P,15.1
E,f.control,P,14.9
E,f.control,P,15.5
E,f.control,P,11.9
E,f.control,P,14.6
E,f.control,P,14.2
E,f.control,P,16.4
E,f.control,P,16.1
E,f.control,P,14
E,f.control,P,14.6
E,f.control,P,14.8
E,f.control,P,14.5
E,f.control,P,14.1
E,f.control,P,9.5
E,f.control,P,16.2
E,f.control,P,16
E,f.control,P,14
E,f.control,P,16
E,f.control,P,14.8
E,f.control,P,15.7
E,f.control,P,15.3
E,f.control,P,13.8
E,f.control,P,13.3
E,f.control,P,14
E,f.control,P,15.2
F,flow,P,13.5
F,flow,P,15.5
F,flow,P,14.9
F,flow,P,16.4
F,flow,P,17
F,flow,P,15.8
F,flow,P,15.6
F,flow,P,16.8
F,flow,P,14.7
F,flow,P,15.3
F,flow,P,14.6
F,flow,P,15.4
F,flow,P,15.4
F,flow,P,15.5
F,flow,P,15.2
F,flow,P,14.6
F,flow,P,18.2
F,flow,P,15
F,flow,P,14.6
F,flow,P,16.5
F,flow,P,15
F,flow,P,14.5
F,flow,P,17.3
F,flow,P,11.2
F,flow,P,14.8
F,flow,P,16.1
F,flow,P,15
F,flow,P,14.7
F,flow,P,17.5
F,flow,P,16.4
F,flow,P,14.9
H,flow,P,15.9
H,flow,P,17.2
H,flow,P,13.5
H,flow,P,15.8
H,flow,P,17.9
H,flow,P,15.5
H,flow,P,15.7
H,flow,P,15
H,flow,P,16.9
H,flow,P,16.5
H,flow,P,15
H,flow,P,15.4
H,flow,P,14.6
H,flow,P,16.1
H,flow,P,15.4
H,flow,P,14.4
H,flow,P,15.8
H,flow,P,15.9
H,flow,P,12.1
H,flow,P,16.9
H,flow,P,15.4
H,flow,P,16.8
H,flow,P,16
H,flow,P,13.6
H,flow,P,15.2
H,flow,P,14.4
H,flow,P,15.4
H,flow,P,15.4
H,flow,P,14.4
H,flow,P,17.4
H,flow,P,16.3
I,f.control,P,15
I,f.control,P,16
I,f.control,P,14.3
I,f.control,P,12.5
I,f.control,P,16.1
I,f.control,P,16.5
I,f.control,P,16
I,f.control,P,15
I,f.control,P,13.4
I,f.control,P,8.6
I,f.control,P,14.3
I,f.control,P,14.5
I,f.control,P,13.2
I,f.control,P,13.2
I,f.control,P,16.4
I,f.control,P,14.7
I,f.control,P,17.5
I,f.control,P,14.5
I,f.control,P,15.6
I,f.control,P,15.5
I,f.control,P,15.8
I,f.control,P,15
I,f.control,P,15.7
I,f.control,P,11.4
I,f.control,P,16.7
I,f.control,P,15.7
I,f.control,P,14
I,f.control,P,14.2
I,f.control,P,16.8
I,f.control,P,15.4
I,f.control,P,9.3